<?xml version="1.0" encoding="utf-8" ?>
<openerp>
<data noupdate="1">
    <record model="philhealth.package" id="package_a1">
        <field name="name">Dengue I (Dengue fever, DHF grades I and II)</field>
        <field name="amount">8000</field>
        <field name="package_category_id" ref="phic_package_1"></field>
    </record>
    <record model="philhealth.package" id="package_a2">
        <field name="name">Dengue II (DHF grades III and IV)</field>
        <field name="amount">16000</field>
        <field name="package_category_id" ref="phic_package_1"></field>
    </record>
    <record model="philhealth.package" id="package_a3">
        <field name="name">Pneumonia I ( moderate risk)</field>
        <field name="amount">15000</field>
        <field name="package_category_id" ref="phic_package_1"></field>
    </record>
    <record model="philhealth.package" id="package_a4">
        <field name="name">Pneumonia II (high risk)</field>
        <field name="amount">32000</field>
        <field name="package_category_id" ref="phic_package_1"></field>
    </record>
    <record model="philhealth.package" id="package_a5">
        <field name="name">Essential Hypertension</field>
        <field name="amount">9000</field>
        <field name="package_category_id" ref="phic_package_1"></field>
    </record>
    <record model="philhealth.package" id="package_a6">
        <field name="name">Cerebral Infarction (CVA-I)</field>
        <field name="amount">28000</field>
        <field name="package_category_id" ref="phic_package_1"></field>
    </record>
    <record model="philhealth.package" id="package_a7">
        <field name="name">Cerebral Hemorrhage (CVA-II)</field>
        <field name="amount">38000</field>
        <field name="package_category_id" ref="phic_package_1"></field>
    </record>
    <record model="philhealth.package" id="package_a8">
        <field name="name">Acute Gastroenteritis (AGE)</field>
        <field name="amount">6000</field>
        <field name="package_category_id" ref="phic_package_1"></field>
    </record>
    <record model="philhealth.package" id="package_a9">
        <field name="name">Asthma</field>
        <field name="amount">9000</field>
        <field name="package_category_id" ref="phic_package_1"></field>
    </record>
    <record model="philhealth.package" id="package_a10">
        <field name="name">Typhoid Fever</field>
        <field name="amount">14000</field>
        <field name="package_category_id" ref="phic_package_1"></field>
    </record>
    <record model="philhealth.package" id="package_a11">
        <field name="name">Newborn Care Package in Hospitals and Lying in Clinics</field>
        <field name="amount">1750</field>
        <field name="package_category_id" ref="phic_package_1"></field>
    </record>
    
    <record model="philhealth.package" id="package_b1">
        <field name="name">Radiotherapy</field>
        <field name="amount">3000</field>
        <field name="package_category_id" ref="phic_package_2"></field>
    </record>
    <record model="philhealth.package" id="package_b2">
        <field name="name">Hemodialysis</field>
        <field name="amount">4000</field>
        <field name="package_category_id" ref="phic_package_2"></field>
    </record>
    <record model="philhealth.package" id="package_b3">
        <field name="name">Maternity Care Package (MCP)</field>
        <field name="amount">8000</field>
        <field name="package_category_id" ref="phic_package_2"></field>
    </record>
    <record model="philhealth.package" id="package_b4">
        <field name="name">NSD Package in Level I Hospitals</field>
        <field name="amount">8000</field>
        <field name="package_category_id" ref="phic_package_2"></field>
    </record>
    <record model="philhealth.package" id="package_b5">
        <field name="name">NSD Package in Levels 2 to 4 Hospitals</field>
        <field name="amount">6500</field>
        <field name="package_category_id" ref="phic_package_2"></field>
    </record>
    <record model="philhealth.package" id="package_b6">
        <field name="name">Caesarean Section</field>
        <field name="amount">19000</field>
        <field name="package_category_id" ref="phic_package_2"></field>
    </record>
    <record model="philhealth.package" id="package_b7">
        <field name="name">Appendectomy</field>
        <field name="amount">24000</field>
        <field name="package_category_id" ref="phic_package_2"></field>
    </record>
    <record model="philhealth.package" id="package_b8">
        <field name="name">Cholecystectomy</field>
        <field name="amount">31000</field>
        <field name="package_category_id" ref="phic_package_2"></field>
    </record>
    <record model="philhealth.package" id="package_b9">
        <field name="name">Dilatation and Curettage</field>
        <field name="amount">11000</field>
        <field name="package_category_id" ref="phic_package_2"></field>
    </record>
    <record model="philhealth.package" id="package_b10">
        <field name="name">Thyroidectomy</field>
        <field name="amount">31000</field>
        <field name="package_category_id" ref="phic_package_2"></field>
    </record>
    <record model="philhealth.package" id="package_b11">
        <field name="name">Herniorrhaphy</field>
        <field name="amount">21000</field>
        <field name="package_category_id" ref="phic_package_2"></field>
    </record>
    <record model="philhealth.package" id="package_b12">
        <field name="name">Mastectomy</field>
        <field name="amount">22000</field>
        <field name="package_category_id" ref="phic_package_2"></field>
    </record>
    <record model="philhealth.package" id="package_b13">
        <field name="name">Hysterectomy</field>
        <field name="amount">30000</field>
        <field name="package_category_id" ref="phic_package_2"></field>
    </record>
    <record model="philhealth.package" id="package_b14">
        <field name="name">Cataract Surgery</field>
        <field name="amount">16000</field>
        <field name="package_category_id" ref="phic_package_2"></field>
    </record>
</data>
</openerp>
