<?xml version="1.0" encoding="utf-8"?>
<!--
##############################################################################
#
#    Harmoni HIS
#    Copyright (C) 2013 onwards Electronic Health Records International (<http://ehrinternational.com>).
#    By: Edwin N. Gonzales, EHRI-CTO and Jaynar L. Santos, EHRI-Senior Programmer
#    All Rights Reserved
#    $Id$
#
#    This program is free software: you can redistribute it and/or modify
#    it under the terms of the GNU General Public License as published by
#    the Free Software Foundation, either version 3 of the License, or
#    (at your option) any later version.
#
#    This program is distributed in the hope that it will be useful,
#    but WITHOUT ANY WARRANTY; without even the implied warranty of
#    MERCHANTABILITY or FITNESS FOR A PARTICULAR PURPOSE.  See the
#    GNU General Public License for more details.
#
#    You should have received a copy of the GNU General Public License
#    along with this program.  If not, see <http://www.gnu.org/licenses/>.
#
##############################################################################
-->
<openerp>
<data>
<!-- Disease -->
    <menuitem name="ICD Code" id="icd_code_main_menu" parent="hospital_mgmt.hospital_management_menu" sequence="19"/>
    
    <record model="ir.ui.view" id="medical_pathology_view">
        <field name="name">Pathology</field>
        <field name="model">medical.pathology</field>
        <field name="type">form</field>
        <field name="arch" type="xml">
            <form string="Pathology Info">
                <notebook>
                    <page string="Main">
                                            <field name="name"></field>
                                            <field name="code"></field>
                        <field name="category"></field>
                    </page>
                    <page string="Genetics">
                                            <field name="chromosome"></field>
                                            <field name="protein"></field>
                                            <field name="gene"></field>
                                        </page>
                    <page string="Extra Info">
                        <field name="info"></field>
                    </page>
                </notebook>
            </form>
        </field>
    </record>



    <record model="ir.ui.view" id="medical_pathology_tree">
        <field name="name">Pathology List</field>
        <field name="model">medical.pathology</field>
        <field name="type">tree</field>
        <field name="arch" type="xml">
            <tree string='Pathology'>
                <field name="name"></field>
                <field name="code"></field>
                <field name="category"></field>
            </tree>
        </field>
    </record>
    
    <record id="view_medical_pathology_filter" model="ir.ui.view">
        <field name="name">medical.pathology.select</field>
        <field name="model">medical.pathology</field>
        <field name="type">search</field>
        <field name="arch" type="xml">
            <search string="Search Diseases">
                <newline/>
                <separator orientation="vertical"/>
                    <field name="code" select="1"/>
                    <field name="name" select="1"/>
                <newline/>

            </search>
        </field>
    </record>
    <record model="ir.actions.act_window" id="action_medical_pathology_tree">
        <field name="name">ICD Code</field>
        <field name="type">ir.actions.act_window</field>
        <field name="res_model">medical.pathology</field>
        <field name="view_type">form</field>
        <field name="search_view_id" ref="view_medical_pathology_filter"/>
        <field name="view_id" ref="medical_pathology_tree"/>
    </record>

    <menuitem action="action_medical_pathology_tree" id="medical_conf_pathology_tree" parent="icd_code_main_menu" sequence="2"/>

<!-- Disease Categories -->

        <record model="ir.ui.view" id="medical_pathology_category_form">
                <field name="name">Disease Categories</field>
                <field name="model">medical.pathology.category</field>
                <field name="type">form</field>
                <field name="arch" type="xml">
                        <form string="Disease categories">
                                <field name="name"/>
                                <field name="active" />
                                <field name="parent_id"/>
                        </form>
                </field>
        </record>
        <record model="ir.ui.view" id="medical_pathology_category_list">
                <field name="name">Disease Category List</field>
                <field name="model">medical.pathology.category</field>
                <field name="type">tree</field>
                <field name="arch" type="xml">
                        <tree string="Disease Categories">
                                <field name="complete_name"/>
                        </tree>
                </field>
        </record>

    <record id="view_medical_disease_category_search" model="ir.ui.view">
        <field name="name">medical.pathology.category.select</field>
        <field name="model">medical.pathology.category</field>
        <field name="type">search</field>
        <field name="arch" type="xml">
            <search string="Search Disease Categories">
                <separator orientation="vertical"/>
                <field name="name" select="1"/>
                <newline/>
            </search>
        </field>
    </record>
    
    <record model="ir.actions.act_window" id="action_medical_pathology_category_form">
        <field name="name">ICD Code Categories</field>
        <field name="type">ir.actions.act_window</field>
        <field name="res_model">medical.pathology.category</field>
        <field name="view_type">form</field>
        <field name="search_view_id" ref="view_medical_disease_category_search"/>
        <field name="view_id" ref="medical_pathology_category_list"/>
    </record>

        <menuitem action="action_medical_pathology_category_form" id="medical_pathology_cat_struc" parent="icd_code_main_menu" sequence="1"/>

   
    </data>
</openerp>
