<?xml version="1.0" encoding="utf-8"?>
<openerp>
<data noupdate="0">

    <record id="his_admission.security" model="res.groups">
        <field name="name">Admission - Backlogs Security</field>
    </record>
    
    <record id="his_admission.opd" model="res.groups">
        <field name="name">Admission - OPD</field>
    </record>
    
    <record id="his_admission.charity" model="res.groups">
        <field name="name">Admission - Charity</field>
    </record>
    
    <record id="his_admission.ward" model="res.groups">
        <field name="name">Admission - With Ward</field>
    </record>
    
    <record id="his_admission.room_transfer" model="res.groups">
        <field name="name">Room Assignment - Security</field>
    </record>

</data>
</openerp>
