<?xml version="1.0" ?>
<openerp>
<data>  
    <menuitem name="Philhealth Passbook" icon="terp-project" id="philhealth_passbook_menu" parent="hospital_mgmt.hospital_management_menu" sequence="3"/>
    <record model="ir.ui.view" id="philhealth_package_category_form_view">
        <field name="name">Philhealth Package Category</field>
        <field name="model">philhealth.package.category</field>
        <field name="type">form</field>
        <field name="arch" type="xml">
            <form string="Philhealth Package Category">    
                <field name="name"/>
                <field name="pf_percentage"/>
            </form>
        </field>
    </record>
    
    <record model="ir.ui.view" id="philhealth_package_category_tree_view">
        <field name="name">Philhealth Package Category</field>
        <field name="model">philhealth.package.category</field>
        <field name="type">tree</field>
        <field name="arch" type="xml">
            <tree string="Philhealth Package Category" editable="top">    
                <field name="name"/>
                <field name="pf_percentage"/>
            </tree>
        </field>
    </record>
    
    <record model="ir.actions.act_window" id="action_philhealth_package_category_view">
        <field name="name">Philhealth Package Category</field>
        <field name="type">ir.actions.act_window</field>
        <field name="res_model">philhealth.package.category</field>
        <field name="view_type">form</field>
        <field name="view_mode">form,tree</field>
        <field name="view_id" ref="philhealth_package_category_tree_view"/>
    </record>
        
    
    <menuitem name="Package Case" id="philhealth_package_category_menu" parent="philhealth_passbook_menu" action="action_philhealth_package_category_view" sequence="6"/>

    <record model="ir.ui.view" id="philhealth_package_form_view">
        <field name="name">Philhealth Package</field>
        <field name="model">philhealth.package</field>
        <field name="type">form</field>
        <field name="arch" type="xml">
            <form string="Philhealth Package">    
                <field name="name"/>
                <field name="amount"/>
                <field name="package_category_id" widget="selection"/>
                <field name="credit_limit"/>
            </form>
        </field>
    </record>
    
    <record model="ir.ui.view" id="philhealth_package_tree_view">
        <field name="name">Philhealth Package</field>
        <field name="model">philhealth.package</field>
        <field name="type">tree</field>
        <field name="arch" type="xml">
            <tree string="Philhealth Package">    
                <field name="name"/>
                <field name="credit_limit"/>
            </tree>
        </field>
    </record>
    
    <record model="ir.actions.act_window" id="action_philhealth_package_view">
        <field name="name">Philhealth Package</field>
        <field name="type">ir.actions.act_window</field>
        <field name="res_model">philhealth.package</field>
        <field name="view_type">form</field>
        <field name="view_mode">form,tree</field>
        <field name="view_id" ref="philhealth_package_tree_view"/>
    </record>
        
    
    <menuitem name="List of Packages" id="philhealth_package_menu" parent="philhealth_passbook_menu" action="action_philhealth_package_view" sequence="5"/>
        
</data>
</openerp>

