<?xml version="1.0" ?>
<openerp>
<data>
        
    <record id="philhealth_passbook_search_view" model="ir.ui.view">
        <field name="name">Philhealth Passbook</field>
        <field name="model">philhealth.passbook</field>
        <field name="type">search</field>
        <field name="arch" type="xml">
                        <search string="Philhealth Passbook">
                                <filter string="Active" name="active" icon="terp-camera_test" domain="[('active','=',True)]"/>
                                <filter string="Inactive" icon="STOCK_STOP" domain="[('active','=',False)]"/>
                                <newline/>
                                <field name="name"/>
                                <field name="passbook_number"/>
                        </search>
        </field>
      </record> 
    
    <record model="ir.ui.view" id="philhealth_passbook_form_view">
        <field name="name">Philhealth Passbook</field>
        <field name="model">philhealth.passbook</field>
        <field name="type">form</field>
        <field name="arch" type="xml">
            <form string="Philhealth Passbook">
                <group colspan="6" col="6">
                    <field name="name" string="Patient Name"
                           on_change="onchange_patient_name(name)" 
                           widget="selection" domain="[('customer', '=', 1), ('charity','=',1), ('admitted','=',1)]"/>
                    <field name="privilege" on_change="onchange_privilege(privilege)" required="1"/>
                    <newline />
                    <field name="class_type" widget="selection" readonly="1"/>
                    <field name="case_type" on_change="onchange_case_type(package_id,case_type,privilege,name)"
                           attrs = "{'invisible':['|',('privilege','=',''),('privilege','=','Package')], 'required':[('privilege','=','Case Type')]}"/>
                    <field name="package_id" widget="selection" on_change="onchange_case_type(package_id,case_type,privilege,name)"
                           attrs = "{'invisible':['|',('privilege','=',''),('privilege','=','Case Type')], 'required':[('privilege','=','Package')]}"/>
                    <newline />
                    <field name="passbook_number"/>
                    <field name="date_issued"/>
                    <newline />
                    <field name="active"/>
                    <newline />
                    <separator string="Credit Limit and Current Balance" colspan="6" col="6"/>
                    <newline />
                    <group colspan="4" col="4" string="Package"
                            attrs = "{'invisible':['|',('privilege','=',''),('privilege','=','Case Type')]}">
                        <field name="amount_package"/>
                        <field name="balance_package"/>
                    </group>
                    <notebook colspan="6">
                        <page string="Drugs and Medicines">
                            <group colspan="4" col="4" attrs = "{'invisible':['|',('privilege','=',''),('privilege','=','Package')]}">
                                <field name="amount_drugs_meds"/>
                                <field name="balance_drugs_meds"/>
                            </group>
                            <newline />
                            <separator string="Drugs and Medicine" colspan="6"/>
                            <newline />
                            <field name="pos_order_line_id" nolabel="1" readonly="1" widget="one2many_list" colspan="6" domain="[('phic_covered','=',1)]">
                                    <tree>
                                            <field name="create_date"/>
                                            <field name="product_id"/>
                                            <field name="qty"/>
                                            <field name="price_subtotal_incl" sum="TOTAL"/>
                                            <!--<field name="phic_covered" on_change="onchange_phic_covered(phic_covered)"/>-->
                                    </tree>
                            </field>
                        </page>
                        <page string="Laboratory, Radiology and Others">
                            <group colspan="4" col="4" attrs = "{'invisible':['|',('privilege','=',''),('privilege','=','Package')]}">
                                <field name="amount_xray_labs"/>
                                <field name="balance_xray_labs"/>
                            </group>
                            <newline />
                            <separator string="Laboratory Exams" colspan="6"/>
                            <newline />
                            <field name="patient_lab_test_id" nolabel="1" readonly="1" widget="one2many_list" colspan="6">
                                    <tree>
                                            <field name="date"/>
                                            <field name="name"/>
                                            <field name="state"/>
                                            <field name="price" sum="TOTAL"/>
                                            <!--<field name="phic_covered" on_change="onchange_phic_covered(phic_covered)"/>-->
                                    </tree>
                            </field>
                            <newline />
                            <separator string="Radiology Tests" colspan="6"/>
                            <newline />
                            <field name="patient_rad_exam_id" nolabel="1" readonly="1" widget="one2many_list" colspan="6">
                                    <tree>
                                            <field name="date"/>
                                            <field name="name"/>
                                            <field name="state"/>
                                            <field name="price" sum="TOTAL"/>
                                            <!--<field name="phic_covered" on_change="onchange_phic_covered(phic_covered)"/>-->
                                    </tree>
                            </field>
                        </page>
                    </notebook>
                </group>
            </form>
        </field>
        </record>
        
        <record model="ir.ui.view" id="philhealth_passbook_tree_view">
            <field name="name">Philhealth Passbook</field>
            <field name="model">philhealth.passbook</field>
            <field name="type">tree</field>
            <field name="arch" type="xml">
                <tree string="Philhealth Passbook">
                    <field name="name"/>
                    <field name="passbook_number"/>
                    <field name="date_issued"/>
                    <field name="class_type" string="MSS"/>
                    <!--<field name="state"/>-->
                    <field name="active"/>
                </tree>
            </field>
        </record>
        
        <record model="ir.actions.act_window" id="action_philhealth_passbook">
                <field name="name">Issued Philhealth Passbook</field>
                <field name="type">ir.actions.act_window</field>
                <field name="res_model">philhealth.passbook</field>
                <field name="view_type">form</field>
                <field name="view_mode">tree,form</field>
                <field name="context">{"search_default_active":1,"active_test": False}</field>
                <field name="domain">[]</field>
                <field name="search_view_id" ref="philhealth_passbook_search_view"/>
                <field name="view_id" ref="philhealth_passbook_tree_view"/>
        </record>
                
        
        <menuitem name="Issued Philhealth Passbook" icon="terp-project" id="issued_philhealth_passbook_menu" parent="philhealth_passbook_menu" action="action_philhealth_passbook" sequence="3"/>
        
</data>
</openerp>

