<?xml version="1.0" ?>
<openerp>
<data>  

    <menuitem name="Configuration" id="philhealth_passbook_config_menu" parent="philhealth_passbook_menu" sequence="10"/>
    
    <record model="ir.ui.view" id="philhealth_passbook_config_drugs_and_medicine_form_view">
        <field name="name">Configuration for Drugs and Medicine</field>
        <field name="model">philhealth.passbook.config.drugs.and.medicine</field>
        <field name="type">form</field>
        <field name="arch" type="xml">
            <form string="Philhealth Passbook Configuration for Drugs and Medicine">    
                <field name="date"/>
                <field name="amount_a"/>
                <field name="amount_b"/>
                <field name="amount_c"/>
                <field name="amount_d"/>
            </form>
        </field>
    </record>
    
    <record model="ir.ui.view" id="philhealth_passbook_config_drugs_and_medicine_tree_view">
        <field name="name">Configuration for Drugs and Medicine</field>
        <field name="model">philhealth.passbook.config.drugs.and.medicine</field>
        <field name="type">tree</field>
        <field name="arch" type="xml">
            <tree string="Philhealth Passbook Configuration for Drugs and Medicine" editable="top"> 
                <field name="date"/>
                <field name="amount_a"/>
                <field name="amount_b"/>
                <field name="amount_c"/>
                <field name="amount_d"/>
            </tree>
        </field>
    </record>
    
    <record model="ir.actions.act_window" id="action_philhealth_passbook_config_drugs_and_medicine">
        <field name="name">Configuration for Drugs and Medicine</field>
        <field name="type">ir.actions.act_window</field>
        <field name="res_model">philhealth.passbook.config.drugs.and.medicine</field>
        <field name="view_type">form</field>
        <field name="view_mode">form,tree</field>
        <field name="view_id" ref="philhealth_passbook_config_drugs_and_medicine_tree_view"/>
    </record>
        
    
    <menuitem name="Drugs and Medicines" id="philhealth_passbook_config_drugs_and_medicine_menu" parent="philhealth_passbook_config_menu" action="action_philhealth_passbook_config_drugs_and_medicine" sequence="4"/>
    
        <record model="ir.ui.view" id="philhealth_passbook_config_xray_labs_form_view">
        <field name="name">Configuration for Xray, Laboratory and Others</field>
        <field name="model">philhealth.passbook.config.xray.labs</field>
        <field name="type">form</field>
        <field name="arch" type="xml">
            <form string="Philhealth Passbook Configuration for Xray, Laboratory and Others">    
                <field name="date"/>
                <field name="amount_a"/>
                <field name="amount_b"/>
                <field name="amount_c"/>
                <field name="amount_d"/>
            </form>
        </field>
    </record>
    
    <record model="ir.ui.view" id="philhealth_passbook_config_xray_labs_tree_view">
        <field name="name">Configuration for Xray, Laboratory and Others</field>
        <field name="model">philhealth.passbook.config.xray.labs</field>
        <field name="type">tree</field>
        <field name="arch" type="xml">
            <tree string="Philhealth Passbook Configuration for Xray, Laboratory and Others" editable="top"> 
                <field name="date"/>
                <field name="amount_a"/>
                <field name="amount_b"/>
                <field name="amount_c"/>
                <field name="amount_d"/>
            </tree>
        </field>
    </record>
    
    <record model="ir.actions.act_window" id="action_philhealth_passbook_config_xray_labs">
        <field name="name">Configuration for Xray, Laboratory and Others</field>
        <field name="type">ir.actions.act_window</field>
        <field name="res_model">philhealth.passbook.config.xray.labs</field>
        <field name="view_type">form</field>
        <field name="view_mode">form,tree</field>
        <field name="view_id" ref="philhealth_passbook_config_xray_labs_tree_view"/>
    </record>
        
    
    <menuitem name="X-ray, Laboratory and Others" id="philhealth_passbook_config_xray_labs_menu" parent="philhealth_passbook_config_menu" action="action_philhealth_passbook_config_xray_labs" sequence="4"/>
 
 
</data>
</openerp>

