<?xml version="1.0" encoding="utf-8"?>
<openerp>
    <data noupdate="1">
        <!-- Sequences for POS Nurse Stations - Transaction ID-->
        <record id="seq_type_pos_nurse_station" model="ir.sequence.type">
            <field name="name">POS for Nurse Stations - Transaction ID</field>
            <field name="code">pos_nurse_station.trans_id</field>
        </record>
        <record id="seq_pos_nurse_station" model="ir.sequence">
            <field name="name">POS for Nurse Stations - Transaction ID</field>
            <field name="code">pos_nurse_station.trans_id</field>
            <field name="prefix">%(year)s%(month)s%(day)s</field>
            <field name="padding">6</field>
        </record>        

    </data>
</openerp>
