<?xml version="1.0" ?>
<openerp>
<data>
    <menuitem name="Patient" icon="terp-project" id="patient_menu" parent="hospital_mgmt.hospital_management_menu" sequence="1"/>
    
    <record model="ir.ui.view" id="list_of_patient_tree_view">
        <field name="name">Patients</field>
        <field name="model">res.partner</field>
        <field name="type">tree</field>
        <field name="priority" eval="100" />
        <field name="arch" type="xml" >
            <tree string="Patients">
                <field name="ref" string="Case No."/>
                <field name="whole_name"/>
                <field name="gender"/>
                <field name="his_birthdate"/>
                <field name="status"/>
                <field name="nationality"/>
                <!--<field name="admitted"/>-->
            </tree>
        </field>
    </record>
    
    <record model="ir.ui.view" id="list_of_patient_form_view">
        <field name="name">Patients</field>
        <field name="model">res.partner</field>
        <field name="type">form</field>
        <field name="priority" eval="30" />
        <field name="arch" type="xml" >
            <form string="Patients" version="7.0">
                <field name="customer" string="Patient" invisible="1"/>
                <!--<field name="image" widget='image' class="oe_avatar oe_right" options='{"preview_image": "image_medium"}' nolabel="1"/>-->
                <group colspan="8" col="8">
                    <div class="eo_title">
                        <label for="ref" string="Case No."/>
                        <h1><field name="ref" required="1"/></h1>
                    </div>
                    <newline/>
                    <div class="eo_title" colspan="2">
                        <label for="name" string="Lastname"/>
                        <h1><field name="name"/></h1>
                    </div>
                    <div class="eo_title" colspan="2">
                        <label for="fname" string="Firstname"/>
                        <h1><field name="fname"/></h1>
                    </div>
                    <div class="eo_title" colspan="2">
                        <label for="mname" string="Middlename"/>
                        <h1><field name="mname"/></h1>
                    </div>
                </group>
                <notebook colspan="6">
                    <page string="Patient Info">
                        <!--<field mode="form,tree" name="address" nolabel="1" colspan="6">
                            <form>-->
                                <group string="Postal Address" colspan="6" col="6">
                                    <field name="street"/>
                                    <field name="street2" string="Brgy."/>
                                    <field name="city" string="Town/City"/>
                                    <field name="state_id" string="Province" domain="[('country_id','=',country_id)]"/>
                                    <field name="country_id"/>
                                    <field name="zip"/>
                                </group>
                            <!--</form>
                            <tree>
                                <field name="street"/>
                                <field name="street2" string="Brgy."/>
                                <field name="city" string="Town/City"/>
                                <field name="state_id" string="Province"/>
                                <field name="country_id"/>
                            </tree>
                        </field>-->
                        <group colspan="6" col="6">
                            <separator colspan="6"/>
                            <newline />
                            <field name="phone_no"/>
                            <field name="gender"/>
                            <field name="status"/>
                            <newline />
                            <field name="his_birthdate"/>
                            <field name="age"/>
                            <field name="birthplace"/>
                            <field name="nationality"/>
                            <field name="religion"/>
                            <field name="educ_attain"/>
                            <field name="occupation"/>
                            <newline />
                        </group>
                    </page>
                    <page string="Business Info">
                        <group colspan="6" >
                            <field name="bus_name"/>
                            <field name="bus_address"/>
                            <field name="bus_phone_no"/>
                            <newline />
                        </group>
                    </page>
                    <page string="Membership Info">
                        <group col="14" colspan="12" >
                            <field name="sss_member" on_change="onchange_sss_member(sss_member)" colspan="2"/>
                            <field name="sss_no" colspan="4" attrs="{'invisible': [('sss_member','=',False)]}"/>
                            <newline />
                            <field name="gsis_member" on_change="onchange_gsis_member(gsis_member)" colspan="2"/>
                            <field name="gsis_no" colspan="4" attrs="{'invisible': [('gsis_member','=',False)]}"/>
                            <newline />
                            <field name="phic" on_change="onchange_phic(phic)" colspan="2"/>
                            <field name="phic_no" colspan="4" attrs="{'invisible': ['|', ('phic','=','None'), ('phic','=','Dependent')]}"/>
                            <field name="phic_sponsor_name" colspan="4" attrs="{'invisible': ['|', ('phic','=','None'), ('phic','=','Member')]}"
                                context="{'form_view_ref' : 'view_ref_custom.res_partner_phic_form_view_ref_custom', 'tree_view_ref' : 'view_ref_custom.res_partner_tree_view_ref_custom'}"/>
                            <newline />
                            <field name="disc_id" colspan="2"/>
                            <field name="disc_card_id" colspan="4" attrs="{'invisible': [('disc_id','=',False)]}"/>
                        </group>
                    </page>
                    <page string="Other Info">
                        <group colspan="6" >
                            <field name="father" context="{'form_view_ref' : 'view_ref_custom.res_partner_form_view_ref_custom', 'tree_view_ref' : 'view_ref_custom.res_partner_tree_view_ref_custom'}"/>
                            <field name="mother" context="{'form_view_ref' : 'view_ref_custom.res_partner_form_view_ref_custom_mother', 'tree_view_ref' : 'view_ref_custom.res_partner_tree_view_ref_custom'}"/>
                            <field name="spouse" context="{'form_view_ref' : 'view_ref_custom.res_partner_form_view_ref_custom', 'tree_view_ref' : 'view_ref_custom.res_partner_tree_view_ref_custom'}"/>
                            <newline />
                            <group colspan="6" string="Spouse's Info">
                                <field name="spouse_address"/>
                                <field name="spouse_empl"/>
                                <field name="spouse_empl_address"/>
                                <field name="spouse_empl_phone_no"/>
                                <newline />
                            </group>
                        </group>
                    </page>
                </notebook>
                <field name="patient" invisible="1"/>
            </form>
        </field>
    </record>
    
    <record model="ir.ui.view" id="list_of_patient_search_view">
        <field name="name">Patients</field>
        <field name="model">res.partner</field>
        <field name="type">search</field>
        <field name="arch" type="xml">
            <search string="Patients">
                <field name="ref" string="Case No."/>
                <field name="whole_name" string="Patient Name"/>
                <field name="gender"/>
                <field name="status"/>
                <field name="his_birthdate"/>
            </search>
        </field>
      </record>
       
      <record model="ir.actions.act_window" id="action_list_of_patient">
            <field name="name">Patient Form</field>
            <field name="type">ir.actions.act_window</field>
            <field name="res_model">res.partner</field>
            <field name="view_type">form</field>
            <field name="view_mode">tree,form</field>
            <field name="search_view_id" ref="list_of_patient_search_view"/>
            <field name="domain">[('customer','=',True)]</field>
            <field name="context">{"active_test": False, 'default_patient':True}</field>
       </record>
       
       <record model="ir.actions.act_window.view" id="action_list_of_patient_view">
            <field name="view_mode">tree</field>
            <field name="view_id" ref="list_of_patient_tree_view"/>
            <field name="act_window_id" ref="action_list_of_patient"/>
       </record>
       
       <record model="ir.actions.act_window.view" id="action_list_of_patient_view1">
            <field name="view_mode">form</field>
            <field name="view_id" ref="list_of_patient_form_view"/>
            <field name="act_window_id" ref="action_list_of_patient"/>
       </record>
       

    <menuitem name="Enrolment" icon="terp-project" id="patient_enrolment_menu" parent="patient_menu" action="action_list_of_patient" sequence="1"/>
    
</data>
</openerp>

