<?xml version="1.0" encoding="utf-8" ?>
<openerp>
<data noupdate="1">
<record model="hospbill.phic_casetypes" id="A">
	<field name="name">A</field>
	<field name="roomboard">400</field>
	<field name="roomboard_maxdays">45</field>
	<field name="drugmed">3360</field>
	<field name="xraylabsupp">2240</field>
	<field name="pfgpperday">300</field>
	<field name="pfgpmax">1200</field>
	<field name="pfspperday">500</field>
	<field name="pfspmax">2000</field>
</record>
<record model="hospbill.phic_casetypes" id="B">
	<field name="name">B</field>
	<field name="roomboard">400</field>
	<field name="roomboard_maxdays">45</field>
	<field name="drugmed">11200</field>
	<field name="xraylabsupp">7350</field>
	<field name="pfgpperday">400</field>
	<field name="pfgpmax">2400</field>
	<field name="pfspperday">600</field>
	<field name="pfspmax">3600</field>
</record>
<record model="hospbill.phic_casetypes" id="C">
	<field name="name">C</field>
	<field name="roomboard">600</field>
	<field name="roomboard_maxdays">45</field>
	<field name="drugmed">22400</field>
	<field name="xraylabsupp">14700</field>
	<field name="pfgpperday">500</field>
	<field name="pfgpmax">4000</field>
	<field name="pfspperday">700</field>
	<field name="pfspmax">5600</field>
</record>
</data>
</openerp>

