<?xml version="1.0" encoding="utf-8"?>
<!--
##############################################################################
#
#    Harmoni HIS
#    Copyright (C) 2013 onwards Electronic Health Records International (<http://ehrinternational.com>).
#    By: Edwin N. Gonzales, EHRI-CTO and Jaynar L. Santos, EHRI-Senior Programmer
#    All Rights Reserved
#    $Id$
#
#    This program is free software: you can redistribute it and/or modify
#    it under the terms of the GNU General Public License as published by
#    the Free Software Foundation, either version 3 of the License, or
#    (at your option) any later version.
#
#    This program is distributed in the hope that it will be useful,
#    but WITHOUT ANY WARRANTY; without even the implied warranty of
#    MERCHANTABILITY or FITNESS FOR A PARTICULAR PURPOSE.  See the
#    GNU General Public License for more details.
#
#    You should have received a copy of the GNU General Public License
#    along with this program.  If not, see <http://www.gnu.org/licenses/>.
#
##############################################################################
-->
<openerp>
    <data noupdate="1">

        <!-- Sequences for lab test report -->
        <record id="seq_type_his_lab_test" model="ir.sequence.type">
            <field name="name">Radiology Examination</field>
            <field name="code">his.rad</field>
        </record>
        <record id="seq_his_lab_test" model="ir.sequence">
            <field name="name">Radiology Examination</field>
            <field name="code">his.rad</field>
            <field name="prefix">RAD</field>
            <field name="padding">3</field>
        </record>
    </data>
</openerp>
