﻿<?xml version="1.0" ?>
<openerp>
    <data>

                <menuitem name="Laboratory" id="his_lab_main_menu" parent="hospital_mgmt.hospital_management_menu" />
                <menuitem name="Requests" id="his_lab_requests" parent="his_lab_main_menu" sequence="1"/>
                
                <menuitem name="Configuration" id="his_conf_laboratory" parent="his_lab_main_menu" sequence="5"/>

<!-- Lab test units -->
                <record model="ir.ui.view" id="his_lab_unit_form">
                        <field name="name">Test Units</field>
                        <field name="model">his.lab.test.units</field>
                        <field name="type">form</field>
                        <field name="arch" type="xml">
                                <form string="Test Unit">
                                        <field name="name" required="1"/>
                                        <field name="code"/>
                                </form>
                        </field>
                </record>

                <record model="ir.ui.view" id="his_lab_unit_tree">
                        <field name="name">Test Units</field>
                        <field name="model">his.lab.test.units</field>
                        <field name="type">tree</field>
                        <field name="arch" type="xml">
                                <tree string="Test Units">
                                        <field name="name"/>
                                        <field name="code"/>
                                </tree>
                        </field>
                </record>

                <record model="ir.actions.act_window" id="his_action_lab_unit">
                        <field name="name">Lab Testing Units</field>
                        <field name="type">ir.actions.act_window</field>
                        <field name="res_model">his.lab.test.units</field>
                        <field name="view_type">form</field>
                        <field name="view_mode">tree,form</field>
                </record>


                <record id="view_his_lab_test_unit_search" model="ir.ui.view">
                        <field name="name">his.lab.test.units.select</field>
                        <field name="model">his.lab.test.units</field>
                        <field name="type">search</field>
                        <field name="arch" type="xml">
                                <search string="Search Lab Test Units">

                                        <separator orientation="vertical"/>
                                            <field name="name" select="1"/>
                                            <field name="code" select="1"/>
                                <newline/>

                                </search>
                        </field>
                </record>



                <menuitem action="his_action_lab_unit" id="his_menu_labtest_unit" parent="his_conf_laboratory"/>

<!-- lab requests -->

                <record model="ir.ui.view" id="his_lab_test_request_form">
                        <field name="name">Lab Test Requests</field>
                        <field name="model">his.patient.lab.test</field>
                        <field name="type">form</field>
                        <field name="arch" type="xml">
                                <form string="Test Requests" version="7.0">
                                    <header>
                                        <button name='%(action_create_lab_test)d' type='action' string='Create Lab Test' attrs="{'invisible':['|', ('state','!=','draft')]}" class="oe_highlight"/>
                                        <button name='%(his_invoice.action_create_lab_invoice)d' type='action' string='Create Lab Invoice' attrs="{'invisible':['|', ('invoice_status','=','invoiced')]}" class="oe_highlight"/>
                                        <field name="state" widget="statusbar"/>
                                    </header>
                                    <group colspan="6" col="6">
                                        <group colspan="4" col="4">
                                            <field name="patient_id" required="1" on_change="onchange_patient_id(patient_id)" readonly="1"
                                                   context="{'form_view_ref' : 'view_ref_custom.res_partner_form_view_ref_custom', 'tree_view_ref' : 'view_ref_custom.res_partner_tree_view_ref_custom'}"/>
                                            <newline/>
                                            <field name="lab_section_no" required="1" readonly="1"/><newline/>
                                            <field name="lab_info_no" required="1"/><newline/>
                                            <!--attrs = "{'invisible':[('lab_section_no','=','')]}"/>-->
                                            <field name="name" required="1" on_change="onchange_name(name, pricelist_id, patient_id)" readonly="1"/><newline/>
                                            <!--<field name="name" required="1" readonly="1"/>-->
                                            <field name="date"/><newline/>
                                            <field name="pricelist_id" readonly="1"/><newline/>
                                            <!--<field name="patient_status"/>-->
                                            <field name="doctor_id" readonly="1"/>
                                        </group>
                                        <group string="Total Charges" colspan="2" col="2">
                                            <h1><field name="price" nolabel="1"/></h1>
                                        </group>
                                    </group>
                                    <field name="patient_adstatus" invisible="1" colspan="2"/>
                                    <field name="clinic" invisible="1" colspan="2"/>
                                    <field name="class_id" invisible="1" colspan="2"/>
                                    <field name="with_phic" invisible="1"/>
                                    <field name="with_pdaf" invisible="1"/>
                                    <group colspan="6" col="6">
                                        <group string="Room Assigment Info" colspan="2" col="2" attrs = "{'invisible':[('patient_adstatus','=',False)]}">
                                            <field name="ward_name" colspan="2"/>
                                            <field name="bed_name" colspan="2"/>
                                        </group>
                                        <group string="Philhealth Passbook" colspan="2" col="2" attrs = "{'invisible':[('with_phic','=',False)]}">
                                            <field name="charge_to_phic" on_change="onchange_charge_to_phic(phic_balance, price, charge_to_phic)"/>
                                            <field name="phic_balance"/>
                                        </group>
                                        <group string="PDAF Sponsor" colspan="2" col="2" attrs = "{'invisible':[('with_pdaf','=',False)]}">
                                            <field name="charge_to" on_change="onchange_charge_to(charge_to)"/><newline/>
                                            <field name="sponsor_ids" invisible="1"/>
                                            <field name="partner_sponsor_id" on_change="onchange_partner_sponsor_id(partner_sponsor_id, patient_id)" attrs = "{'invisible':[('charge_to','=',False)]}"/><newline/>
                                            <field name="pdaf_balance" on_change="onchange_pdaf_balance(pdaf_balance, price, charge_to, partner_sponsor_id)" attrs = "{'invisible':[('charge_to','=',False)]}"/>
                                        </group>
                                    </group>
                                    <notebook colspan="8">
                                        <page string="Other Info">
                                            <label for="specimen" string="Specimen"/>
                                            <field name="specimen" colspan="2"/>
                                            <label for="collection_site" string="Site of Collection"/>
                                            <field name="collection_site" colspan="2"/>
                                            <newline/>
                                            <label for="collected_by" string="Collected By"/>
                                            <field name="collected_by" colspan="2"/>
                                            <label for="date_collected" string="Date and Time Collected"/>
                                            <field name="date_collected" colspan="2"/>
                                            <newline/>
                                            <label for="received_by" string="Recived By"/>
                                            <field name="received_by" colspan="2"/>
                                            <label for="date_received" string="Date and Time Received"/>
                                            <field name="date_received" colspan="2"/>
                                        </page>
                                        <page string="Notes">
                                            <group string="Desired Examination" colspan="4">
                                                    <field name="note" nolabel="1" colspan="4" />
                                            </group>
                                            <group string="Diagnosis" colspan="4">
                                                    <field name="lab_diagnosis" nolabel="1" colspan="4" />
                                            </group>
                                        </page>
                                    </notebook>
                                </form>
                        </field>
                </record>

                <record model="ir.ui.view" id="his_lab_test_request_tree">
                        <field name="name">Lab Test Requests</field>
                        <field name="model">his.patient.lab.test</field>
                        <field name="type">tree</field>
                        <field name="arch" type="xml">
                                <tree string="Test Requests" colors="blue:state=='draft'">
                                        <field name="name"/>
                                        <field name="price"/>
                                        <field name="date"/>
                                        <field name="patient_id"/>
                                        <field name="patient_adstatus" readonly="1"/>
                                        <field name="doctor_id"/>
                                        <field name="state" readonly="1"/>
                                </tree>
                        </field>
                </record>

                <record model="ir.actions.act_window" id="his_action_lab_test_request">
                        <field name="name">All Requests</field>
                        <field name="type">ir.actions.act_window</field>
                        <field name="res_model">his.patient.lab.test</field>
                        <field name="view_type">form</field>
                        <field name="view_mode">tree,form</field>
                </record>

                <menuitem action="his_action_lab_test_request" id="his_menu_lab_test_request" parent="his_lab_requests" sequence="1"/>

<!--Patient Lab Test Request -->
                <record model="ir.ui.view" id="his_patient_lab_test_request_tree">
                        <field name="name">Patient Lab Test Requests</field>
                        <field name="model">his.patient.lab.request</field>
                        <field name="type">tree</field>
                        <field name="arch" type="xml">
                            <tree string="Patient Test Requests">
                                <field name="patient_id"/>
                            </tree>
                        </field>
                </record>
                
                <record model="ir.ui.view" id="his_patient_lab_test_request_form">
                        <field name="name">Patient Lab Test Requests</field>
                        <field name="model">his.patient.lab.request</field>
                        <field name="type">form</field>
                        <field name="arch" type="xml">
                            <form string="Patient Test Requests" version="7.0">
                                <group colspan="4">
                                        <field name="patient_id" required="1" on_change="onchange_patient_id(patient_id)"
                                               context="{'form_view_ref' : 'view_ref_custom.res_partner_form_view_ref_custom', 'tree_view_ref' : 'view_ref_custom.res_partner_tree_view_ref_custom'}"/>
                                        <field name="lab_section_no" required="1"/>
                                        <field name="date"/>
                                        <field name="pricelist_id"/>
                                        <field name="doctor_id"/>
                                </group>
                                <field name="patient_adstatus" invisible="1" colspan="2"/>
                                <group string="Room Assigment Info" colspan="4" attrs = "{'invisible':[('patient_adstatus','=',False)]}">
                                        <field name="ward_name" colspan="2"/>
                                        <field name="bed_name" colspan="2"/>
                                </group>
                                <field name="his_patient_lab_test" attrs="{'readonly':['|', ('patient_id','=',False), ('lab_section_no','=',False)]}" nolabel="1"
                                       context="{'default_patient_id':patient_id, 'default_lab_section_no':lab_section_no, 'default_doctor_id':doctor_id}">
                                    <form>
                                        <field name="state" invisible="1"/>
                                        <field name="ward_name" colspan="2" invisible="1"/>
                                        <field name="bed_name" colspan="2" invisible="1"/>
                                        <field name="patient_adstatus" invisible="1" colspan="2"/>
                                        <field name="clinic" invisible="1" colspan="2"/>
                                        <field name="class_id" invisible="1" colspan="2"/>
                                        <field name="with_phic" invisible="1"/>
                                        <field name="with_pdaf" invisible="1"/>
                                        <group colspan="6" col="6">
                                            <group colspan="4" col="4">
                                                <field name="patient_id" invisible="1" on_change="onchange_patient_id(patient_id)"/>
                                                <field name="lab_section_no" invisible="1"/>
                                                <field name="lab_info_no" required="1"/><newline/>
                                                <!--attrs = "{'invisible':[('lab_section_no','=','')]}"/>-->
                                                <field name="name" required="1" on_change="onchange_name(name, pricelist_id, patient_id)"/><newline/>
                                                <field name="date" invisible="1"/>
                                                <field name="pricelist_id"/>
                                                <!--<field name="patient_status"/>-->
                                                <field name="doctor_id" invisible="1"/>
                                            </group>
                                            <group string="Total Charges" colspan="2" col="2">
                                                <h1><field name="price" nolabel="1" colspan="2"/></h1>
                                            </group>
                                        </group>
                                        <notebook colspan="6">
                                            <page string="Other Info">
                                                <field name="specimen" colspan="2"></field>
                                                <field name="collection_site" colspan="2"></field>
                                                <newline/>
                                                <field name="collected_by" colspan="2"></field>
                                                <field name="date_collected" colspan="2"></field>
                                                <newline/>
                                                <field name="received_by" colspan="2"></field>
                                                <field name="date_received" colspan="2"></field>
                                            </page>
                                            <page string="Notes">
                                                <group string="Desired Examination" colspan="4">
                                                        <field name="note" nolabel="1" colspan="4" />
                                                </group>
                                                <group string="Diagnosis" colspan="4">
                                                        <field name="lab_diagnosis" nolabel="1" colspan="4" />
                                                </group>
                                            </page>
                                        </notebook>
                                        <group>
                                            <group>
                                                
                                                <newline/>
                                                <group string="Philhealth Passbook" invisible="1">
                                                    <field name="phic_balance"/>
                                                </group>
                                            </group >
                                            <group string="PDAF Sponsor" invisible="1">
                                                <field name="charge_to"/><newline/>
                                                <field name="sponsor_ids" invisible="1"/>
                                                <field name="partner_sponsor_id" on_change="onchange_partner_sponsor_id(partner_sponsor_id, patient_id)"/><newline/>
                                                <field name="pdaf_balance"/>
                                            </group>
                                        </group>
                                    </form>
                                    <tree>
                                        <field name="name"/>
                                        <field name="price"/>
                                        <field name="state"/>
                                    </tree>
                                </field>
                            </form>
                        </field>
                </record>
                
                <record model="ir.actions.act_window" id="action_his_patient_lab_test_request">
                        <field name="name">Patient Requests</field>
                        <field name="type">ir.actions.act_window</field>
                        <field name="res_model">his.patient.lab.request</field>
                        <field name="view_type">form</field>
                        <field name="view_mode">tree,form</field>
                        <field name="view_id" ref="his_patient_lab_test_request_tree"/>
                </record>

                <menuitem action="action_his_patient_lab_test_request" id="his_menu_patient_lab_test_request" parent="his_lab_requests" sequence="1"/>

                <record model="ir.actions.act_window" id="his_action_draft_lab_test_request">
                        <field name="name">Draft Requests</field>
                        <field name="type">ir.actions.act_window</field>
                        <field name="res_model">his.patient.lab.test</field>
                        <field name="view_type">form</field>
                        <field name="view_mode">tree,form</field>
                        <field name="domain">[('state','=','draft')]</field>
                </record>

                <menuitem action="his_action_draft_lab_test_request" id="his_menu_draft_lab_test_request" parent="his_lab_requests" sequence="2" />

                <record model="ir.actions.act_window" id="his_action_today_draft_lab_test_request">
                        <field name="name">Today's Draft Requests</field>
                        <field name="type">ir.actions.act_window</field>
                        <field name="res_model">his.patient.lab.test</field>
                        <field name="view_type">form</field>
                        <field name="view_mode">tree,form</field>
                        <field name="domain">[('state','=','draft'),('date','&gt;=',time.strftime('%Y-%m-%d 00:00:01')),('date','&lt;=',time.strftime('%Y-%m-%d 23:59:59'))]</field>
                </record>

                <menuitem action="his_action_today_draft_lab_test_request" id="his_menu_today_draft_labtest_request" parent="his_lab_requests" sequence="3" />


                <record id="view_his_lab_test_filter" model="ir.ui.view">
                        <field name="name">Lab Tests Requests</field>
                        <field name="model">his.patient.lab.test</field>
                        <field name="type">search</field>
                        <field name="arch" type="xml">
                                <search string="Search Lab Tests Requests">

                                        <separator orientation="vertical"/>
                                            <field name="name" select="1"/>
                                            <field name="date" select="1"/>
                                            <field name="patient_id" select="1"/>
                                            <field name="doctor_id" select="1"/>
                                            <field name="state" select="1"/>
                                        <newline/>

                                </search>
                        </field>
                </record>


                <record model="ir.ui.view" id="his_lab_test_view">
                        <field name="name">Lab test</field>
                        <field name="model">his.lab.test_type</field>
                        <field name="type">form</field>
                        <field name="arch" type="xml">
                        <form string="Lab Test">
                                <notebook>
                                        <page string="Main Info">
                                                <field name="name" required="1"></field>
                                                <field name="code"></field>
                                                <field name="lab_section_id" required="1"></field>
                                                <field name="critearea" colspan="4" nolabel="1">
                                                        <tree string="Test Cases">
                                                                <field name="sequence"/>
                                                                <field name="name"/>
                                                                <field name="normal_range"/>
                                                                <field name="units"/>
                                                        </tree>
                                                        <form string="Test Cases">
                                                                <field name="name"/>
                                                                <field name="units"/>
                                                                <field name="sequence"/>
                                                                <newline/>
                                                                <field name="normal_range"/>
                                                        </form>
                                                </field>
                                                <field name="product_id"/>
                                        </page>
                                        <page string="Extra Info">
                                                <field name="info"></field>
                                        </page>
                                </notebook>
                        </form>
                        </field>
                </record>

                <record model="ir.ui.view" id="his_lab_test_tree">
                        <field name="name">Lab test types list</field>
                        <field name="model">his.lab.test_type</field>
                        <field name="type">tree</field>
                        <field name="arch" type="xml">
                                <tree string='Lab test type'>
                                        <field name="name"></field>
                                        <field name="code"></field>
                                        <field name="lab_section_id" required="1"></field>
                                </tree>
                        </field>
                </record>

                <record model="ir.actions.act_window" id="his_lab_action_form_test">
                                <field name="name">Types of Lab test</field>
                                <field name="type">ir.actions.act_window</field>
                                <field name="res_model">his.lab.test_type</field>
                                <field name="view_type">form</field>
                                <field name="view_id" ref="his_lab_test_tree"/>
                </record>

                <record id="view_his_lab_lab_test_type_search" model="ir.ui.view">
                        <field name="name">his.lab.test_type.select</field>
                        <field name="model">his.lab.test_type</field>
                        <field name="type">search</field>
                        <field name="arch" type="xml">
                                <search string="Search Lab Test Types">
                                        <separator orientation="vertical"/>
                                        <field name="name" select="1"/>
                                        <field name="code" select="1"/>
                                        <newline/>
                                </search>
                        </field>
                </record>

                <menuitem action="his_lab_action_form_test" id="his_lab_conf_test" parent="his_conf_laboratory" />

                <record model="ir.ui.view" id="his_lab_view">
                        <field name="name">Lab Test</field>
                        <field name="model">his.lab</field>
                        <field name="type">form</field>
                        <field name="arch" type="xml">
                        <form string="Laboratory Test">
                                <notebook>
                                        <page string="Main Info">

                                                <field name="patient" required="1"></field>
                                                <field name="lab_inf_no" required="1"></field>
                                                <newline/>
                                                <field name="name" required="1"></field>
                                                <field name="lab_section" required="1"></field>
                                                <field name="test" required="1"></field>
                                                <field name="date_analysis"></field>
                                                <newline/>
                                                <field name="pathologist"></field>
                                                <newline/>
                                                <field name="date_requested"></field>
                                                <field name="requestor" required="1"></field>

                                                <field name="critearea" colspan="4" nolabel="1">
                                                        <tree editable="top" string="Test Cases">
                                                                <field name="sequence"/>
                                                                <field name="name"/>
                                                                <field name="result"/>
                                                                <field name="normal_range"/>
                                                                <field name="units"/>
                                                        </tree>
                                                        <form string="Test Cases">
                                                                <field name="name"/>
                                                                <field name="result"/>
                                                                <field name="units"/>
                                                                <field name="normal_range"/>
                                                        </form>
                                                </field>
                                        </page>
                                        <page string="Extra Info">
                                                <field name="results" colspan="6"></field>
                                                <newline/>
                                                <field name="diagnosis" colspan="6"></field>
                                                <newline/>
                                                <!--<field name="specimen"></field>
                                                <newline/>
                                                <field name="collection_site"></field>
                                                <newline/>
                                                <field name="collected_by"></field>
                                                <field name="date_collected"></field>
                                                <newline/>
                                                <field name="received_by"></field>
                                                <field name="date_received"></field>-->

                                        </page>
                                </notebook>
                        </form>
                        </field>
                </record>

                <record model="ir.ui.view" id="his_lab_tree">
                        <field name="name">Lab test type</field>
                        <field name="model">his.lab</field>
                        <field name="type">tree</field>
                        <field name="arch" type="xml">
                                <tree string='Lab test type'>
                                        <field name="name"></field>
                                        <field name="test"></field>
                                        <field name="patient"></field>
                                        <field name="date_analysis"></field>
                                </tree>
                        </field>
                </record>

                <record model="ir.actions.act_window" id="his_action_tree_lab">
                        <field name="name">Lab Tests Results</field>
                        <field name="type">ir.actions.act_window</field>
                        <field name="res_model">his.lab</field>
                        <field name="view_type">form</field>
                        <field name="view_mode">tree,form</field>
                        <field name="view_id" ref="his_lab_tree"/>
                </record>
                <menuitem name="Laboratory Test Result" action="his_action_tree_lab" id="his_labtest_result" parent="his_lab_main_menu" sequence="2"/>
                <!--<menuitem action="his_action_tree_lab" id="his_action_lab_tree" parent="his_labtest_result" sequence="4"/>-->

        </data>
</openerp>
