<?xml version="1.0" encoding="utf-8"?>
<openerp>
<data>      
    <record model="ir.ui.view" id="res_partner_tree_view_ref_custom">
        <field name="name">Patients</field>
        <field name="model">res.partner</field>
        <field name="type">tree</field>
        <field name="arch" type="xml" >
            <tree string="Patients">
                <field name="ref" string="Case No."/>
                <field name="whole_name"/>
            </tree>
        </field>
    </record>
    
    <record model="ir.ui.view" id="res_partner_form_view_ref_custom">
        <field name="name">Patients</field>
        <field name="model">res.partner</field>
        <field name="type">form</field>
        <field name="priority" eval="69"/>
        <field name="arch" type="xml" >
            <form string="Patients">
                <group colspan="6" col="6">
                    <field name="name" string="Lastname"/>
                    <field name="fname"/>
                    <field name="mname"/>
                </group>
                    <!--<separator colspan="6"/>
                    <newline />
                    <field mode="form,tree" name="address" nolabel="1" colspan="6">
                        <form>-->
                            <group string="Postal Address" colspan="6" col="6">
                                <field name="street"/>
                                <field name="street2" string="Brgy."/>
                                <field name="city" string="Town/City"/>
                                <field name="state_id" string="Province" domain="[('country_id','=',country_id)]"/>
                                <field name="country_id"/>
                                <field name="zip"/>
                            </group>
                        <!--</form>
                        <tree>
                            <field name="street"/>
                            <field name="street2" string="Brgy."/>
                            <field name="city" string="Town/City"/>
                            <field name="country_id"/>
                            <field name="state_id"/>
                        </tree>
                    </field>-->
                <newline /> 
            </form>
        </field>
    </record>
    
    <record model="ir.ui.view" id="res_partner_form_view_ref_custom_mother">
        <field name="name">Patients</field>
        <field name="model">res.partner</field>
        <field name="type">form</field>
        <field name="priority" eval="68"/>
        <field name="arch" type="xml" >
            <form string="Patients">
                <group colspan="6" col="6">
                    <field name="name" string="Lastname"/>
                    <field name="fname" on_change="onchange_fname(fname)"/>
                    <field name="mname"/>
                    <newline/>
                    <field name="status"/>
                    <field name="gender" invisible='1'/>
                </group>
                    <!--<separator colspan="6"/>
                    <newline />
                    <field mode="form,tree" name="address" nolabel="1" colspan="6">
                        <form>-->
                            <group string="Postal Address" colspan="6" col="6">
                                <field name="street"/>
                                <field name="street2" string="Brgy."/>
                                <field name="city" string="Town/City"/>
                                <field name="state_id" string="Province" domain="[('country_id','=',country_id)]"/>
                                <field name="country_id"/>
                                <field name="zip"/>
                            </group>
                        <!--</form>
                        <tree>
                            <field name="street"/>
                            <field name="street2" string="Brgy."/>
                            <field name="city" string="Town/City"/>
                            <field name="country_id"/>
                            <field name="state_id"/>
                        </tree>
                    </field>-->
                <newline /> 
            </form>
        </field>
    </record>
    
    <record model="ir.ui.view" id="res_partner_phic_form_view_ref_custom">
        <field name="name">Patients</field>
        <field name="model">res.partner</field>
        <field name="type">form</field>
        <field name="priority" eval="67"/>
        <field name="arch" type="xml" >
            <form string="Patients">
                <group colspan="6" col="6">
                    <field name="name" string="Lastname"/>
                    <field name="fname"/>
                    <field name="mname"/>
                    <newline />
                    <field name="phic" invisible="1"/>
                    <field name="phic_no" required="1" on_change="onchange_phic_no(phic_no)"/>
                </group>
                    <!--<separator colspan="6"/>
                    <newline />
                    <field mode="form,tree" name="address" nolabel="1" colspan="6">
                        <form>-->
                            <group string="Postal Address" colspan="6" col="6">
                                <field name="street"/>
                                <field name="street2" string="Brgy."/>
                                <field name="city" string="Town/City"/>
                                <field name="state_id" string="Province" domain="[('country_id','=',country_id)]"/>
                                <field name="country_id"/>
                                <field name="zip"/>
                            </group>
                        <!--</form>
                        <tree>
                            <field name="street"/>
                            <field name="street2" string="Brgy."/>
                            <field name="city" string="Town/City"/>
                            <field name="country_id"/>
                            <field name="state_id"/>
                        </tree>
                    </field>-->
                <newline /> 
            </form>
        </field>
    </record>
    

    <record model="ir.ui.view" id="res_partner_ecart_form_view_ref_custom">
        <field name="name">Patients</field>
        <field name="model">res.partner</field>
        <field name="type">form</field>
        <field name="priority" eval="66"/>
        <field name="arch" type="xml" >
            <form string="Patients">
                <group colspan="6" col="6">
                    <!--<field name="nurse_station" invisible="1"/>
                    <newline />-->
                    <field name="name" string="Lastname"/>
                    <field name="fname"/>
                    <field name="mname"/>
                </group>
                    <!--<separator colspan="6"/>
                    <newline />
                    <field mode="form,tree" name="address" nolabel="1" colspan="6">
                        <form>-->
                            <group string="Postal Address" colspan="6" col="6">
                                <field name="street"/>
                                <field name="street2" string="Brgy."/>
                                <field name="city" string="Town/City"/>
                                <field name="state_id" string="Province" domain="[('country_id','=',country_id)]"/>
                                <field name="country_id"/>
                                <field name="zip"/>
                            </group>
                        <!--</form>
                        <tree>
                            <field name="street"/>
                            <field name="street2" string="Brgy."/>
                            <field name="city" string="Town/City"/>
                            <field name="country_id"/>
                            <field name="state_id"/>
                        </tree>
                    </field>-->
                <newline /> 
            </form>
        </field>
    </record>

    <record model="ir.ui.view" id="his_admission_form_view_ref_custom">
        <field name="name">Admission</field>
        <field name="model">his.admission</field>
        <field name="type">form</field>
        <field name="priority" eval="66"/>
        <field name="arch" type="xml" >
            <form string="Medication History">
                <group colspan="6" col="6">
                    <field name="name" string="Patient Name" colspan="6" readonly="1" widget="selection"/>
                    <newline/>
                    <separator colspan="6"/>
                    <field name="pos_order_line" widget="one2many_list" nolabel="1" colspan="6" readonly="1">
                        <tree string="Medication History">
                            <field name="order_id"/>
                            <field name="date_processed"/>
                            <field name="product_id"/>
                            <field name="qty" string="Qty"/>
                            <field name="dose_frequency"/>
                            <field name="price_unit" string="Price"/>
                            <field name="price_subtotal_incl" string="Amount"/>
                            <field name="payment_mode"/>
                        </tree>
                    </field>
                </group>
            </form>
        </field>
    </record>

    <record model="ir.ui.view" id="his_pos_for_nurse_stations_form_view_ref_custom">
        <field name="name">POS for Nurse Stations</field>
        <field name="model">his.pos.nurse.stations</field>
        <field name="type">form</field>
        <field name="priority" eval="70"/>
        <field name="arch" type="xml">
            <form string="POS for Nurse Stations">
                <group colspan="8" col="8">
                    <field name="admission_name" colspan="4" on_change="onchange_admission_name(admission_name)"
                           context="{'form_view_ref' : 'view_ref_custom.his_admission_form_view_ref_custom'}"
                           attrs="{'readonly': ['|','|', ('state','=','Cancelled'), ('state','=','Partially Done'), ('state','=','Completely Done')]}"/>             
                    <field name="name" colspan="4" on_change="onchange_partner_patient_id(name)" invisible="1"
                           attrs="{'readonly': ['|','|', ('state','=','Cancelled'), ('state','=','Partially Done'), ('state','=','Completely Done')]}"/>
                    <field name="trans_id" colspan="2"/>
                    <field name="sponsor_ids" invisible="1"/>
                    <field name="date_encoded" colspan="2"/>
                    <newline/>
                    <separator colspan="8"/>
                </group>
                <newline/>
                <field name="state" widget="statusbar" nolabel="1" statusbar_visible="Draft,Recorded,Completely Done" statusbar_colors='{"Cancelled":"red", "Partially Done":"green"}'/>
            </form>
        </field>
    </record>

     <record model="ir.ui.view" id="his_department_section_form_view_ref_custom">
        <field name="name">Department</field>
        <field name="model">hr.department</field>
        <field name="type">form</field>
        <field name="priority" eval="66"/>
        <field name="arch" type="xml">
            <form string="Department">
                <group colspan="8" col="8">
                    <field name="name"/>
                    <field name="section_group" required="1"/>
                </group>
            </form>
        </field>
    </record>

</data>
</openerp>
