<?xml version="1.0" encoding="utf-8"?>
<openerp>
    <data>
        <menuitem id="hospbill_inpatient_dashboard_menu" name="In-Patient Dashboard" parent="hospbill_soa_reports_menu" sequence="0"/>

<!--In-Patient Discharge Today Tree View -->
        <record id="inpatient_discharge_today" model="ir.actions.act_window">
            <field name="name">In-patient Discharges Today</field>
            <field name="type">ir.actions.act_window</field>
            <field name="res_model">medical.inpatient.registration</field>
            <field name="view_type">form</field>
            <field name="view_mode">tree</field>
            <field name="domain">[('discharge_date','>=',time.strftime('%Y-%m-%d 00:00:00'))]</field>
            <field name="search_view_id" ref="medical_inpatient.medical_inpatient_registration_tree"/>
        </record>

<!-- Current In-Patient Tree View -->
        <record id="current_inpatient" model="ir.actions.act_window">
            <field name="name">Current In-patients</field>
            <field name="type">ir.actions.act_window</field>
            <field name="res_model">hospbill.current_inpatient.report</field>
            <field name="view_type">form</field>
            <field name="view_mode">tree</field>
            <field name="context">{'group_by':['patient_info'], 'group_by_no_leaf':1}</field>
            <field name="domain">[]</field>
            <field name="search_view_id" ref="view_report_hospbill_current_inpatient_tree"/>
        </record> 

<!-- Current In-Patient (Summary) Tree View -->
        <record id="current_inpatient_summary" model="ir.actions.act_window">
            <field name="name">Current In-patients (Summary)</field>
            <field name="type">ir.actions.act_window</field>
            <field name="res_model">hospbill.current_inpatient_summary.report</field>
            <field name="view_type">form</field>
            <field name="view_mode">tree</field>
            <field name="domain">[]</field>
            <field name="search_view_id" ref="view_report_hospbill_current_inpatient_summary_tree"/>
        </record>

<!-- Sample Graph View

        <record id="view_medical_topdiseases_graph" model="ir.ui.view">
            <field name="name">medical.topdiseases.report.graph</field>
            <field name="model">medical.topdiseases.report</field>
            <field name="type">graph</field>
            <field name="arch" type="xml">
                <graph orientation="vertical" string="Top Diseases" type="bar">
                    <field name="icd10"/>
                    <field name="nbr" operator="+"/>
                </graph>
            </field>
        </record> -->

<!-- Sample Graph Action

       <record id="action_medical_topdiseases" model="ir.actions.act_window">
           <field name="name">Top Diseases</field>
           <field name="res_model">medical.topdiseases.report</field>
           <field name="view_type">form</field>
           <field name="view_mode">graph</field>
           <field name="domain">[]</field>
           <field name="help">Generates the top 5 diseases.</field>
       </record>

       <record model="ir.actions.act_window.view" id="action_medical_topdiseases_graph">
            <field name="sequence" eval="1"/>
            <field name="view_mode">graph</field>
            <field name="view_id" ref="view_medical_topdiseases_graph"/>
            <field name="act_window_id" ref="action_medical_topdiseases"/>
       </record> -->

        <record id="board_hospbill_inpatient_form" model="ir.ui.view">
            <field name="name">board.hospbill.inpatient.form</field>
            <field name="model">board.board</field>
            <field name="type">form</field>
            <field name="arch" type="xml">
                <form string="In-Patient DashBoard">
                    <hpaned>
                        <child1>
                          <action colspan="4" name="%(current_inpatient_summary)d" string="Current In-Patient Bill Summary" height="220" width="510"/>
                        </child1>
                        <child2>
                        	<action colspan="4" name="%(inpatient_discharge_today)d" string="In-Patient Discharges Today"/>
                        </child2>
                   </hpaned>
                </form>
            </field>
        </record>

        <record id="open_board_hospbill_inpatient" model="ir.actions.act_window">
            <field name="name">In-Patient Dashboard</field>
            <field name="res_model">board.board</field>
            <field name="view_type">form</field>
            <field name="view_mode">form</field>
            <field name="usage">menu</field>
            <field name="view_id" ref="board_hospbill_inpatient_form"/>
        </record>

        <menuitem action="open_board_hospbill_inpatient" icon="terp-graph" id="hospbill_inpatient_board_menu" parent="hospbill_inpatient_dashboard_menu" sequence="4"/>

        <menuitem icon="STOCK_ZOOM_IN" id="hospbill_menu" action="open_board_hospbill_inpatient" name="Hospital Billing"/>


    </data>
</openerp>
