<?xml version="1.0" ?>
<openerp>
  <data>
        <menuitem name="Hospital Billing" 
            id="hospbill_menu" 
            icon="STOCK_ZOOM_IN"
            web_icon="images/billing.png"
            web_icon_hover="images/billing-hover.png" />
        <menuitem name="Philhealth Billing" id="hospbill_phic_billing_menu" parent="hospbill_menu" sequence="1"/>
        <menuitem name="HMO Billing" id="hospbill_hmo_billing_menu" parent="hospbill_menu" sequence="4"/>
        <menuitem name="HMO Reports" id="hospbill_hmo_reports_menu" parent="hospbill_menu" sequence="7"/>
        <menuitem name="Other Reports" id="hospbill_oth_reports_menu" parent="hospbill_menu" sequence="8"/>

<!-- HMO OPD SOA -->

    <record model="ir.ui.view" id="hospbill_hmo_opd_soa_view">
      <field name="name">HMO OPD Statement of Account</field>
      <field name="model">hospbill.hmo_opd_soa</field>
      <field name="type">form</field>
      <field name="arch" type="xml">
        <form string="HMO OPD Statement of Account" version="7.0">
            <sheet>
                <group colspan="1" col="4">
                    <field name="hmo_id" required="1"></field>
                    <field name="period_id" required="1"></field>
                </group>
                <newline />

<!-- HMO OPD SOA Invoices -->
                <separator string="Invoices" />
                <newline />
                <field name="hmo_opd_soa_invoices" nolabel="1" widget="one2many_list"/>
            </sheet>
        </form>
      </field>
    </record>

<!-- HMO OPD SOA Tree -->

    <record model="ir.ui.view" id="hospbill_hmo_opd_soa_tree">
      <field name="name">HMO OPD Statements of Account</field>
      <field name="model">hospbill.hmo_opd_soa</field>
      <field name="type">tree</field>
      <field name="arch" type="xml">
        <tree string='HMO OPD Statement of Account'>
            <field name="hmo_id"></field>
            <field name="period_id"></field>
        </tree>
      </field>
    </record>

<!-- HMO OPD SOA Search -->

    <record id="view_hospbill_hmo_opd_soa_tree_search" model="ir.ui.view">
        <field name="name">hospbill.hmo.opd.soa.tree.search</field>
        <field name="model">hospbill.hmo_opd_soa</field>
        <field name="type">search</field>
        <field name="arch" type="xml">
          <search string="HMO OPD Statement of Account">
            <group>
              <field name="hmo_id"/>
              <field name="period_id"/>
            </group>
            <newline/>
            <group  expand='0' string='Group by...' groups="base.group_extended">
              <filter string='Period' icon="terp-stock_symbol-selection" domain="[]" context="{'group_by' : 'period_id'}" />
            </group>
          </search>
        </field>
    </record>

<!-- HMO OPD SOA Actions -->

    <record model="ir.actions.act_window" id="hospbill_action_hmo_opd_soa_tree">
      <field name="name">HMO OPD Statements of Account</field>
      <field name="type">ir.actions.act_window</field>
      <field name="res_model">hospbill.hmo_opd_soa</field>
      <field name="view_type">form</field>
        <field name="search_view_id" ref="view_hospbill_hmo_opd_soa_tree_search"/>
      <field name="view_id" ref="hospbill_hmo_opd_soa_tree"/>
    </record>

    <record model="ir.actions.act_window" id="hospbill_action_hmo_opd_soa_view">
      <field name="name">New HMO OPD Statement of Account</field>
      <field name="type">ir.actions.act_window</field>
      <field name="res_model">hospbill.hmo_opd_soa</field>
      <field name="view_type">form</field>
      <field name="view_id" ref="hospbill_hmo_opd_soa_view"/>
    </record>

<!-- HMO OPD SOA Menu Actions -->

        <menuitem action="hospbill_action_hmo_opd_soa_view" id="hospbill_hmo_view_hmo_opd_soa" parent="hospbill_hmo_billing_menu" sequence="1"/>
        <menuitem action="hospbill_action_hmo_opd_soa_tree" id="hospbill_hmo_tree_hmo_opd_soa" parent="hospbill_hmo_billing_menu" sequence="2"/>

<!-- HMO OPD SOA Invoices -->

        <record model="ir.ui.view" id="hospbill_hmo_opd_soa_invoices_view">
            <field name="name">HMO OPD SOA Invoice</field>
            <field name="model">hospbill.hmo_opd_soa_invoices</field>
            <field name="type">form</field>
            <field name="arch" type="xml">
                <form string="HMO OPD SOA Invoice">
                    <field name="invoice_id"></field>
                </form>
            </field>
        </record>

        <record model="ir.ui.view" id="hospbill_hmo_opd_soa_invoices_tree">
            <field name="name">HMO OPD SOA Invoices</field>
            <field name="model">hospbill.hmo_opd_soa_invoices</field>
            <field name="type">tree</field>
            <field name="arch" type="xml">
                <tree string='HMO OPD SOA Invoices' editable='top'>
                    <field name="invoice_id"></field>
                </tree>
            </field>
        </record>

<!-- HMO OPD SOA Details Tree 

    <record model="ir.ui.view" id="hospbill_hmo_opd_soa_details_tree">
      <field name="name">HMO OPD Statements of Account Details</field>
      <field name="model">hospbill.hmo_opd_soa_report</field>
      <field name="type">tree</field>
      <field name="arch" type="xml">
        <tree string='HMO OPD Statement of Account Details'>
                    <field name="hmo_partner"></field>
                    <field name="period"></field>
                    <field name="invoice_number"></field>
                    <field name="date_invoice"></field>
                  <newline/>
        </tree>
      </field>
    </record> 
-->
<!-- HMO OPD SOA Details Actions 

    <record model="ir.actions.act_window" id="hospbill_action_hmo_opd_soa_details_tree">
      <field name="name">HMO OPD Statements of Account Details</field>
      <field name="type">ir.actions.act_window</field>
      <field name="res_model">hospbill.hmo_opd_soa_report</field>
      <field name="view_type">form</field>
      <field name="view_id" ref="hospbill_hmo_opd_soa_details_tree"/>
    </record> 
-->
<!-- HMO OPD SOA Details Menu Actions 

        <menuitem action="hospbill_action_hmo_opd_soa_details_tree" id="hospbill_hmo_tree_hmo_opd_soa_details" parent="hospbill_hmo_billing_menu" sequence="3"/>
-->
<!-- End of HMO OPD SOA -->

    </data>
</openerp>

