<?xml version="1.0" ?>
<openerp>
  <data>
        <menuitem name="HMO Configuration" id="hospbill_hmo_conf_menu" parent="hospbill_menu" sequence="6"/>

<!-- HMO Partner -->

    <record model="ir.ui.view" id="hospbill_hmo_partner_view">
      <field name="name">HMO Partner</field>
      <field name="model">hospbill.hmo_partner</field>
      <field name="type">form</field>
      <field name="arch" type="xml">
        <form string="HMO Partner">
                    <group colspan="1" col="2">
                        <field name="name" required="1"></field>
                    </group>
        </form>
      </field>
    </record>

<!-- HMO Partner Tree -->

    <record model="ir.ui.view" id="hospbill_hmo_partner_tree">
      <field name="name">HMO Partners</field>
      <field name="model">hospbill.hmo_partner</field>
      <field name="type">tree</field>
      <field name="arch" type="xml">
        <tree string='HMO Partner' editable='top'>
            <field name="name"></field>
        </tree>
      </field>
    </record>

<!-- HMO Partner Actions -->

    <record model="ir.actions.act_window" id="hospbill_action_hmo_partner">
      <field name="name">HMO Partners</field>
      <field name="type">ir.actions.act_window</field>
      <field name="res_model">hospbill.hmo_partner</field>
      <field name="view_type">form</field>
      <field name="view_id" ref="hospbill_hmo_partner_tree"/>
    </record>

<!-- HMO Partner Menu Actions -->

        <menuitem action="hospbill_action_hmo_partner" id="hospbill_hmo_conf_edit_hmo_partner" parent="hospbill_hmo_conf_menu" sequence="1"/>

<!-- End of HMO Partner -->

    </data>
</openerp>

