<?xml version="1.0"?>
<openerp>
<data noupdate="1">

    #
    # Sequences for hospbill.inpac_soa
    #

    <record model="ir.sequence.type" id="seq_type_pos_order">
        <field name="name">In-patient SOA</field>
        <field name="code">hospbill.inpac_soa</field>
    </record>
    <record model="ir.sequence" id="seq_inpac_soa">
        <field name="name">In-patient SOA</field>
        <field name="code">hospbill.inpac_soa</field>
        <!-- <field name="prefix"></field> -->
        <field name="padding">0</field>
    </record>

</data>
</openerp>
