<?xml version="1.0" ?>
<openerp>
  <data>
        <menuitem name="Statement of Account" id="hospbill_soa_menu" parent="hospbill_menu" sequence="1"/>
        <menuitem name="SOA Reports" id="hospbill_soa_reports_menu" parent="hospbill_menu" sequence="2"/>
        <menuitem name="PhilHealth Claims" id="hospbill_phic_claims_menu" parent="hospbill_menu" sequence="3"/>
        <menuitem name="Other Configuration" id="hospbill_oth_config_menu" parent="hospbill_menu" sequence="9"/>

<!-- In-Patient SOA -->

    <record model="ir.ui.view" id="hospbill_inpac_soa_view">
      <field name="name">In-Patient Statement of Account</field>
      <field name="model">hospbill.inpac_soa</field>
      <field name="type">form</field>
      <field name="arch" type="xml">
        <form string="In-Patient Statement of Account" version="7.0">
            <header>
                <button name='%(action_view_inpac_copy_invoice_lines)d' type='action' string='Get Patient Charges' attrs="{'invisible':[('patient_case_id','=',False)]}"/>
                <button name="inpac_soa_cancel" states="draft,process" string="Cancel" type="object" icon="gtk-cancel"/>
                <button name="inpac_soa_cancel_draft" states="cancel" string="Reset to Draft" type="object" icon="terp-stock_effects-object-colorize"/>
                <button name="inpac_soa_process" states="draft" string="Process" type="object" icon="gtk-go-forward"/>
                        
                <field name="state" widget="statusbar" nolabel="1" statusbar_visible="draft,process,cancel" statusbar_color="{'cancel':'red','process':'green'}"/>
            </header>
                <group colspan="8" col="8">
                    <group colspan="4" col="4">
                        <group colspan="4" col="4">
                            <div class="eo_title">
                                <h1><field name="patient_case_id" domain="['|',('state','=','Admitted'),('state','=','Outpatient')]" colspan="6" attrs="{'readonly':[('inpac_soa_invoices','=',True)]}" on_change="onchange_admission_id(patient_case_id)"/></h1>
                            </div>
                        </group>
                        <newline/>
                        <field name="name"></field>
                        <field name="date_processed" colspan="2"></field>
                        <newline />
                        <field name="diagnosis" colspan="2"></field>
                        <field name="opd" colspan="2" attrs="{'readonly':[('inpac_soa_invoices','=',True)]}"></field>
                    </group>
                    <group string="Insurance Options" colspan="2" col="2">
                        <field name="phic_charge" attrs="{'readonly':[('patient_case_id','=',False)]}"></field>
                        <newline/>
                        <field name="hmo_charge" on_change="onchange_hmo_charge()" attrs="{'readonly':[('patient_case_id','=',False)]}"></field>
                    </group>
                    <group string="Discount Options" colspan="2" col="2">
                        <field name="disc_id" attrs="{'readonly':[('patient_case_id','=',False)]}"></field>
                        <newline />
                        <button name="button_apply_discount_sel" states="draft" string="Apply to selected" type="object" colspan="1" attrs="{'readonly':[('disc_id','=',False)]}"/>
                        <button name="button_apply_discount_all" states="draft" string="Apply to all" type="object" colspan="1" attrs="{'readonly':[('disc_id','=',False)]}"/>
                    </group>

                </group>
<!-- In-Patient SOA Invoices -->
                <notebook colspan="1">
                    <page string="Invoice Lines">
                        <field name="inpac_soa_invoices" nolabel="1" widget="one2many_list"/>
                    </page>
                    <!-- <page string="Pricelist and Discounts">
                        <group colspan="4" col="4">
                            <group colspan="2" string="Pricelist">
                                <field name="pricelist_id"></field>
                                <newline />
                                <button name="button_update_pricelist_charges" states="draft" string="Update prices of invoice lines" type="object" icon="terp-stock_format-scientific" colspan="2"/>
                            </group>
                            <group colspan="2" string="Discount">
                                <field name="disc_id"></field>
                                <newline />
                                <button name="button_apply_discount_sel" states="draft" string="Apply discount to selected invoice lines" type="object" icon="terp-stock_format-scientific" colspan="2"/>
                                <button name="button_apply_discount_all" states="draft" string="Apply discount to all invoice lines" type="object" icon="terp-stock_format-scientific" colspan="2"/>
                            </group>
                        </group>
                    </page> -->

                    <page string="O.R. &amp; Prof. Fees">
                        <field name="inpac_pf_invoices" nolabel="1" widget="one2many_list"/>
                        <newline />
                        <button name="button_gen_pf_invoices" states="draft" string="Generate Invoice" type="object" icon="gtk-apply"/>
                    </page>

                    <page string="Room &amp; Board">
                        <field name="inpac_rmbd_invoices" nolabel="1" widget="one2many_list" colspan="4"/>
                        <newline />
                        <button name="button_gen_rmbd_line" states="draft" string="Generate Entries from Room Assignments" type="object" icon="gtk-apply"/>
                        <button name="button_gen_rmbd_invoices" states="draft" string="Generate Invoice" type="object" icon="gtk-apply"/>
                    </page>

                    <page string="Notes">
                        <field name="note" nolabel="1"/>
                    </page>
                    <page string="PHIC Assessment" attrs="{'invisible':[('phic_charge','=',False)]}">
                        <group colspan="4" col="4" string="PHIC Claim Information">
                            <field name="phic_member_type" colspan="2"/>
                            <button name="button_phic_compute" states="draft" string="Process PHIC charges" type="object" icon="terp-stock_format-scientific" attrs="{'readonly':[('phic_charge','=',False)]}" colspan="1" help="Click this button to process the charges to be included in the PHIC claims."/>
                            <newline />
                            <field name="phic_id" colspan="2"/>
                            <newline />
                            <field name="phic_member_id" colspan="2"/>
                            <field name="phic_member" colspan="2"/>
                        </group>
                        <newline />
                        <group colspan="8" col="8" string="Case Type/Package">
                            <field name="icd"></field>
                            <field name="phic_casetype"/>
                            <field name="phic_package" colspan="4"/>
                        </group>
                        <newline />
                    </page>
                    <page string="HMO Assessment" attrs="{'invisible':[('hmo_charge','=',False)]}">
                        <group  colspan="4" col="4" string="HMO Claim Information">
                            <field name="hmo_member_type" colspan="2"/>
                            <newline />
                            <field name="hmo_coy_name" colspan="2"/>
                            <field name="hmo_id" colspan="2"/>
                            <newline />
                            <field name="hmo_member_coy_name" colspan="2"/>
                            <field name="hmo_member_id" colspan="2"/>
                            <field name="hmo_member" colspan="2"/>
                        </group>
                        <newline />
                    </page>
                </notebook>
<!--                    <group colspan="6" col="6">
                    <field name="state"/>
                    <button name="inpac_soa_cancel" states="draft,process" string="Cancel" type="object" icon="gtk-cancel"/>
                    <button name="inpac_soa_cancel_draft" states="cancel" string="Reset to Draft" type="object" icon="terp-stock_effects-object-colorize"/>
                    <button name="inpac_soa_process" states="draft" string="Process" type="object" icon="gtk-go-forward"/>
                </group> -->
        </form>
      </field>
    </record>

<!-- In-Patient SOA Tree -->

    <record model="ir.ui.view" id="hospbill_inpac_soa_tree">
      <field name="name">In-Patient Statement of Account</field>
      <field name="model">hospbill.inpac_soa</field>
      <field name="type">tree</field>
      <field name="arch" type="xml">
        <tree string='In-Patient Statement of Account' colors="blue:state in ('draft');black:state in ('process');red:state in ('cancel')" >
            <field name="name"></field>
            <field name="date_processed"></field>
            <field name="patient_case_id"></field>
            <field name="pricelist_id"></field>
            <field name="icd"></field>
            <field name="diagnosis"></field>
            <field name="opd"></field>
            <field name="phic_charge"></field>
            <field name="hmo_charge"></field>
            <field name="state"/>
        </tree>
      </field>
    </record>

<!-- In-Patient SOA Search -->
    <record id="hospbill_filter_inpac_soa" model="ir.ui.view">
        <field name="name">In-Patient Statement of Account Search</field>
        <field name="model">hospbill.inpac_soa</field>
        <field name="type">search</field>
        <field name="arch" type="xml">
            <search string="Search SOA">
                <filter string="Group by Patient" icon="terp-personal" domain="[]" context="{'group_by':'patient_case_id'}"/>
                <filter name="outpatient" string="Out-patients" domain="[('opd','=',True)]" />
                <filter name="inpatient" string="In-patients" domain="[('opd','=',False)]" />
                <field name="patient_case_id" select="1" />
                <field name="date_processed" select="1"/>
            </search>
        </field>
    </record>

<!-- In-Patient SOA Actions -->

    <record model="ir.actions.act_window" id="hospbill_action_inpac_soa_tree">
      <field name="name">In-Patient Statement of Account</field>
      <field name="type">ir.actions.act_window</field>
      <field name="res_model">hospbill.inpac_soa</field>
      <field name="view_type">form</field>
      <field name="context">{"search_default_inpatient":True}</field>
      <field name="view_id" ref="hospbill_inpac_soa_tree"/>
    </record>

    <record model="ir.actions.act_window" id="hospbill_action_inpac_soa_view">
      <field name="name">New In-Patient Statement of Account</field>
      <field name="type">ir.actions.act_window</field>
      <field name="res_model">hospbill.inpac_soa</field>
      <field name="view_type">form</field>
      <field name="view_id" ref="hospbill_inpac_soa_view"/>
    </record>

    <record model="ir.actions.act_window" id="hospbill_action_inpac_soa_tree2">
      <field name="name">Out-Patient Statement of Account</field>
      <field name="type">ir.actions.act_window</field>
      <field name="res_model">hospbill.inpac_soa</field>
      <field name="view_type">form</field>
      <field name="context">{"search_default_outpatient":True}</field>
      <field name="view_id" ref="hospbill_inpac_soa_tree"/>
    </record>

<!-- In-Patient SOA Menu Actions -->

        <menuitem action="hospbill_action_inpac_soa_view" id="hospbill_view_inpac_soa" parent="hospbill_soa_menu" sequence="2"/>
        <menuitem action="hospbill_action_inpac_soa_tree" id="hospbill_tree_inpac_soa" parent="hospbill_soa_menu" sequence="1"/>
        <menuitem action="hospbill_action_inpac_soa_tree2" id="hospbill_tree_inpac_soa2" parent="hospbill_soa_menu" sequence="3"/>

<!-- In-Patient SOA Lines Tree View -->

    <record model="ir.ui.view" id="hospbill_inpac_soa_lines_tree">
      <field name="name">In-Patient Statement of Account Invoice Lines</field>
      <field name="model">hospbill.inpac_soa_lines</field>
      <field name="type">tree</field>
      <field name="arch" type="xml">
        <tree string='In-Patient Statement of Account Invoice Lines' editable="top">
            <field name="phic_covered" string="PHIC?"></field>
            <field name="hmo_covered" string="HMO?"></field>
            <field name="apply_disc" string="Disc?"></field>
            <field name="category"></field>
            <field name="sub_category" attrs="{'readonly':[('category','!=','03-xray-lab-supp-oth')]}"></field>
            <field name="invoice_number"></field>
            <field name="invoice_date"></field>
            <field name="invoice_line_id"></field>
            <field name="quantity"></field>
            <field name="price_unit"></field>
            <field name="discount"></field>
            <field name="discval" sum="Discounts"></field>
            <field name="price_subtotal" sum="Grand Total"></field>
            <field name="phic_amt" sum="PHIC Total"></field>
            <field name="hmo_amt" sum="HMO Total"></field>
            <field name="patient_amt" sum="Patient Total"></field>
            <field name="invoice_state"></field>
            <field name="invoice_type"></field>
        </tree>
      </field>
    </record>

<!-- In-Patient SOA Lines Tree View Actions -->

    <record model="ir.actions.act_window" id="hospbill_action_inpac_soa_lines_tree">
      <field name="name">In-Patient Statement of Account Invoice Lines</field>
      <field name="type">ir.actions.act_window</field>
      <field name="res_model">hospbill.inpac_soa_lines</field>
      <field name="view_type">form</field>
      <field name="view_id" ref="hospbill_inpac_soa_lines_tree"/>
    </record>

<!-- In-Patient SOA Lines Form View -->

    <record model="ir.ui.view" id="hospbill_inpac_soa_lines_form">
      <field name="name">In-Patient Statement of Account Invoice Lines</field>
      <field name="model">hospbill.inpac_soa_lines</field>
      <field name="type">form</field>
      <field name="arch" type="xml">
        <form string='In-Patient Statement of Account Invoice Lines' version="7.0">
            <sheet>
                <group string="Invoice" colspan="1" col="4">
                    <field name="partner_id"></field>
                    <field name="invoice_number"></field>
                    <field name="invoice_date"></field>
                    <field name="invoice_state"></field>
                </group>
                <newline />
                <notebook>
                    <page string="Invoice Line">
                        <group colspan="1" col="4">
                            <field name="category"></field>
                            <field name="sub_category" attrs="{'readonly':[('category','!=','03-xray-lab-supp-oth')]}"></field>
                            <newline/>
                            <group colspan="4" col="2">
                                <field name="invoice_line_id" domain="[('invoice_id.partner_id', '=', 'partner_id')]"></field>
                            </group>
                            <newline />
                            <field name="quantity"></field>
                            <field name="price_unit"></field>
                            <field name="discount"></field>
                            <field name="price_subtotal"></field>
                        </group>
                        <newline />
                        <group string="PHIC/HMO" colspan="1" col="4">
                            <field name="phic_covered"></field>
                            <field name="hmo_covered"></field>
                            <newline />
                            <field name="phic_amt"></field>
                            <field name="hmo_amt"></field>
                            <newline />
                            <field name="patient_amt"></field>
                        </group>
                        <newline />
                        <group string="Computation Parameters" colspan="1" col="4">
                            <field name="apply_disc"></field>
                            <field name="discval"></field>
                        </group>
                    </page>
                    <page string="PF-Surgery" attrs="{'invisible':[('category','!=','07-pf-surgery')]}">
                        <group colspan="1" col="4">
                            <field name="phic_rvs_code"></field>
                            <field name="phic_rvu"></field>
                            <newline />
                            <field name="surgeon_id"></field>
                        </group>
                    </page>
                    <page string="PF-Anesthesiology" attrs="{'invisible':[('category','!=','08-pf-anesthesiology')]}">
                        <group colspan="1" col="4">
                            <field name="anesthesiologist_id"></field>
                        </group>
                    </page>
                    <page string="PF-Daily Visits" attrs="{'invisible':[('category','not in',('05-pf-visit-gp','06-pf-visit-sp'))]}">
                        <group colspan="1" col="4">
                            <field name="dv_physician_id"></field>
                        </group>
                    </page>
                </notebook>
            </sheet>
        </form>
      </field>
    </record>

<!-- End of In-Patient SOA -->

<!-- Modify Account Invoice Form to add the PHIC Charge Field -->

        <record model="ir.ui.view" id="hospbill_account_view_invoice_line_tree_phicfieldmods">
            <field name="name">Account Invoice PHIC Fields</field>
            <field name="model">account.invoice.line</field>
            <field name="type">form</field>
            <field name="inherit_id" ref="account.view_invoice_line_tree" />
            <field name="arch" type="xml">
            <field name="price_subtotal" position="before">
                <field name="phic_covered"/>
                    <field name="hmo_covered"/>
                </field>
            </field>
        </record> 

        <record model="ir.ui.view" id="hospbill_account_view_invoice_line_form_phicfieldmods">
            <field name="name">Account Invoice PHIC Fields</field>
            <field name="model">account.invoice.line</field>
            <field name="type">form</field>
            <field name="inherit_id" ref="account.view_invoice_line_form" />
            <field name="arch" type="xml">
                <field name="discount" position="before">
                    <field name="phic_covered"/>
                    <field name="hmo_covered"/>
                </field>
            </field>
        </record> 

<!-- End of Account Invoice PHIC Fields -->

<!-- Modify Medical Physician Form to add the Surgeon Classification and PHIC Accreditation Number Field -->

<!--        <record model="ir.ui.view" id="medical_physician_form_view_mods">
            <field name="name">Physician</field>
            <field name="model">medical.physician</field>
            <field name="type">form</field>
            <field name="inherit_id" ref="medical.medical_physician_view" />
            <field name="arch" type="xml">
        <field name="code" position="after">
          <field name="surgeon_class"/>
                    <field name="phic_accred_no"/>
        </field>
            </field>
        </record> 
-->
<!-- End of Account Invoice PHIC Fields -->

<!-- Bill Discount Form -->

<!--    <record model="ir.ui.view" id="hospbill_disc_form_view">
      <field name="name">Bill Discounts</field>
      <field name="model">hospbill.discounts</field>
      <field name="type">form</field>
      <field name="arch" type="xml">
        <form string="Bill Discounts">
                    <group colspan="1" col="2">
                        <field name="name" required="1"></field>
                        <newline />
                        <field name="percentage" required="1"></field>
                        <newline />
                        <field name="pharma_pctg"></field>
                    </group>
        </form>
      </field>
    </record>
-->
<!-- Bill Discount Tree -->
<!--
    <record model="ir.ui.view" id="hospbill_disc_tree_view">
      <field name="name">Bill Discounts</field>
      <field name="model">hospbill.discounts</field>
      <field name="type">tree</field>
      <field name="arch" type="xml">
        <tree string='Bill Discounts' editable='top'>
                    <field name="name" required="1"></field>
                    <field name="percentage" required="1"></field>
                    <field name="pharma_pctg"></field>
        </tree>
      </field>
    </record>
-->
<!-- Bill Discount Actions -->
<!--
    <record model="ir.actions.act_window" id="hospbill_action_disc">
      <field name="name">Bill Discounts</field>
      <field name="type">ir.actions.act_window</field>
      <field name="res_model">hospbill.discounts</field>
      <field name="view_type">form</field>
      <field name="view_id" ref="hospbill_disc_tree_view"/>
    </record>
-->
<!-- Bill Discount Menu Actions -->

<!--  <menuitem action="hospbill_action_disc" id="hospbill_disc_menu" parent="hospbill_oth_config_menu" sequence="1"/> -->

<!-- End of Bill Discount -->

<!-- In-Patient Prof. Fee Lines Tree View -->

    <record model="ir.ui.view" id="hospbill_inpac_orpf_lines_tree">
      <field name="name">In-Patient Statement of Account OR and PF Lines</field>
      <field name="model">hospbill.pf_invoice</field>
      <field name="type">tree</field>
      <field name="arch" type="xml">
        <tree string='In-Patient Statement of Account OR and PF Lines'>
            <field name="inv_date" />
            <field name="invoice_id" />
            <field name="daily_product_id" />
            <field name="daily_price_unit" />
            <field name="dv_physician_id" />
            <field name="pf_procedure" />
            <field name="orfee_product_id" />
            <field name="orfee_price_unit" />
            <field name="surgery_product_id" />
            <field name="surgery_price_unit" />
            <field name="surgeon_id" />
            <field name="anesthe_product_id" />
            <field name="anesthe_price_unit" />
            <field name="anesthesiologist_id" />
        </tree>
      </field>
    </record>

<!-- In-Patient Prof. Fee Lines Tree View Actions -->

    <record model="ir.actions.act_window" id="hospbill_action_inpac_orpf_lines_tree">
      <field name="name">In-Patient Statement of Account OR and PF Lines</field>
      <field name="type">ir.actions.act_window</field>
      <field name="res_model">hospbill.pf_invoice</field>
      <field name="view_type">form</field>
      <field name="view_id" ref="hospbill_inpac_orpf_lines_tree"/>
    </record>

<!-- In-Patient Prof. Fee Lines Form View -->

    <record model="ir.ui.view" id="hospbill_inpac_orpf_lines_form">
      <field name="name">In-Patient Statement of Account OR and PF Lines</field>
      <field name="model">hospbill.pf_invoice</field>
      <field name="type">form</field>
      <field name="arch" type="xml">
        <form string='In-Patient Statement of Account OR and PF Lines' version="7.0">
                <group col="4">
                    <field name="inv_date" />
                    <field name="invoice_id" />
                </group>
                <newline />
                <group string="Professional Fee: Daily Visits" col="4">
                    <field name="daily_product_id" colspan="4" on_change="onchange_daily_id(daily_product_id,daily_quantity)"/>
                    <newline />
                    <field name="daily_quantity" on_change="onchange_daily_qty(daily_product_id, daily_discount, daily_quantity, daily_price_unit, context)"/>
                    <field name="daily_price_unit" on_change="onchange_daily_qty(daily_product_id, daily_discount, daily_quantity, daily_price_unit, context)"/>
                    <field name="daily_discount" on_change="onchange_daily_qty(daily_product_id, daily_discount, daily_quantity, daily_price_unit, context)"/>
                    <field name="daily_subtotal" />
                    <newline />
                    <field name="dv_physician_id" colspan="4" />
                </group>
                <newline />
                <group string="O.R. Fee" col="4">
                    <field name="pf_procedure" colspan="4"/>
                    <newline />
                    <field name="orfee_product_id" colspan="4" on_change="onchange_orservice_id(orfee_product_id,orfee_quantity)"/>
                    <newline />
                    <field name="orfee_quantity" on_change="onchange_orservice_qty(orfee_product_id, orfee_discount, orfee_quantity, orfee_price_unit, context)"/>
                    <field name="orfee_price_unit" on_change="onchange_orservice_qty(orfee_product_id, orfee_discount, orfee_quantity, orfee_price_unit, context)"/>
                    <field name="orfee_discount" on_change="onchange_orservice_qty(orfee_product_id, orfee_discount, orfee_quantity, orfee_price_unit, context)"/>
                    <field name="orfee_subtotal" />
                </group>
                <newline />
                <group string="Professional Fee: Surgeon" col="4">
                    <field name="surgery_product_id" colspan="4" on_change="onchange_surgery_id(surgery_product_id,surgery_quantity)"/>
                    <newline />
                    <field name="surgery_quantity" on_change="onchange_surgery_qty(surgery_product_id, surgery_discount, surgery_quantity, surgery_price_unit, context)"/>
                    <field name="surgery_price_unit" on_change="onchange_surgery_qty(surgery_product_id, surgery_discount, surgery_quantity, surgery_price_unit, context)"/>
                    <field name="surgery_discount" on_change="onchange_surgery_qty(surgery_product_id, surgery_discount, surgery_quantity, surgery_price_unit, context)"/>
                    <field name="surgery_subtotal" />
                    <newline />
                    <field name="surgeon_id" colspan="4" />
                </group>
                <newline />
                <group string="Professional Fee: Anesthesiologist" col="4">
                    <field name="anesthe_product_id" colspan="4" on_change="onchange_anesthe_id(anesthe_product_id,anesthe_quantity)"/>
                    <newline />
                    <field name="anesthe_quantity" on_change="onchange_anesthe_qty(anesthe_product_id, anesthe_discount, anesthe_quantity, anesthe_price_unit, context)"/>
                    <field name="anesthe_price_unit" on_change="onchange_anesthe_qty(anesthe_product_id, anesthe_discount, anesthe_quantity, anesthe_price_unit, context)"/>
                    <field name="anesthe_discount" on_change="onchange_anesthe_qty(anesthe_product_id, anesthe_discount, anesthe_quantity, anesthe_price_unit, context)"/>
                    <field name="anesthe_subtotal" />
                    <newline />
                    <field name="anesthesiologist_id" colspan="4" />
                </group>
        </form>
      </field>
    </record>

<!-- End of In-Patient Prof. Fees -->

<!-- In-Patient Room and Board Lines Tree View -->

    <record model="ir.ui.view" id="hospbill_inpac_rmbd_lines_tree">
      <field name="name">In-Patient Statement of Account Room and Board Lines</field>
      <field name="model">hospbill.roomboard_invoice</field>
      <field name="type">tree</field>
      <field name="arch" type="xml">
        <tree string='In-Patient Statement of Account Room and Board Lines'>
            <field name="invoice_id" />
            <field name="roomboard_product_id" />
            <field name="beg_datetime" />
            <field name="end_datetime" />
            <field name="roomboard_quantity" />
            <field name="roomboard_price_unit" />
            <field name="roomboard_discount" />
            <field name="roomboard_subtotal" />
        </tree>
      </field>
    </record>

<!-- In-Patient Room and Board Lines Tree View Actions -->

    <record model="ir.actions.act_window" id="hospbill_action_inpac_rmbd_lines_tree">
      <field name="name">In-Patient Statement of Account Room and Board Lines</field>
      <field name="type">ir.actions.act_window</field>
      <field name="res_model">hospbill.roomboard_invoice</field>
      <field name="view_type">form</field>
      <field name="view_id" ref="hospbill_inpac_rmbd_lines_tree"/>
    </record>

<!-- In-Patient Room and Board Lines Form View -->

    <record model="ir.ui.view" id="hospbill_inpac_rmbd_lines_form">
      <field name="name">In-Patient Statement of Account Room and Board Lines</field>
      <field name="model">hospbill.roomboard_invoice</field>
      <field name="type">form</field>
      <field name="arch" type="xml">
        <form string='In-Patient Statement of Account Room and Board Lines'>
            <group col="4">
                <field name="roomboard_product_id" on_change="onchange_roomboard_id(roomboard_product_id,roomboard_quantity)"/>
                <field name="invoice_id" />
            </group>
            <newline />
            <group string="Confinement Period" col="4">
                <field name="beg_datetime" on_change="onchange_datetime(roomboard_product_id, roomboard_price_unit, beg_datetime, end_datetime)"/>
                <field name="end_datetime" on_change="onchange_datetime(roomboard_product_id, roomboard_price_unit, beg_datetime, end_datetime)"/>
            </group>
            <newline />
            <group string="Computation" col="4">
                <field name="roomboard_quantity" on_change="onchange_roomboard_qty(roomboard_product_id, roomboard_discount, roomboard_quantity, roomboard_price_unit, context)"/>
                <field name="roomboard_price_unit"/>
                <newline />
                <field name="roomboard_discount" on_change="onchange_roomboard_qty(roomboard_product_id, roomboard_discount, roomboard_quantity, roomboard_price_unit, context)"/>
                <field name="roomboard_subtotal" />
            </group>
        </form>
      </field>
    </record>

<!-- End of In-Patient Room and Board Fees -->

<!-- Account Journal Tree -->

    <record model="ir.ui.view" id="hospbill_journal_tree_view">
      <field name="name">Journal Mapping Tree View</field>
      <field name="model">hospbill.journal_ref</field>
      <field name="type">tree</field>
      <field name="arch" type="xml">
        <tree string='Journal Mapping' editable='top'>
            <field name="transtype"></field>
            <field name="journal"></field>
        </tree>
      </field>
    </record>

<!-- Account Journal Actions -->

    <record model="ir.actions.act_window" id="hospbill_journal_action">
      <field name="name">Journal Mapping</field>
      <field name="type">ir.actions.act_window</field>
      <field name="res_model">hospbill.journal_ref</field>
      <field name="view_type">form</field>
      <field name="view_id" ref="hospbill_journal_tree_view"/>
    </record>

<!-- Account Journal Menu Actions -->

    <menuitem action="hospbill_journal_action" id="hospbill_journal_menu" parent="hospbill_oth_config_menu" sequence="2"/>

<!-- End of Account Journal -->


    </data>
</openerp>

