<?xml version="1.0" ?>
<openerp>
  <data>
        <menuitem name="Philhealth Configuration" id="hospbill_phic_conf_menu" parent="hospbill_menu" sequence="5"/>
        <menuitem name="PHIC Partner" id="hospbill_phic_conf_partner" parent="hospbill_phic_conf_menu" sequence="1"/>
        <menuitem name="PHIC Case Types" id="hospbill_phic_conf_casetypes" parent="hospbill_phic_conf_menu" sequence="2"/>
        <menuitem name="PHIC Covered Products" id="hospbill_phic_conf_covered_prods" parent="hospbill_phic_conf_menu" sequence="3"/>
        <menuitem name="PHIC Operating Room" id="hospbill_phic_conf_operatingroom" parent="hospbill_phic_conf_menu" sequence="4"/>
        <menuitem name="PHIC Surgery" id="hospbill_phic_conf_surgery" parent="hospbill_phic_conf_menu" sequence="5"/>
        <menuitem name="PHIC Procedures RVU" id="hospbill_phic_conf_proc_rvu" parent="hospbill_phic_conf_menu" sequence="6"/>
        <menuitem name="Diseases Case Types" id="hospbill_phic_conf_pathology" parent="hospbill_phic_conf_menu" sequence="7"/>
        <menuitem name="PHIC Packages" id="hospbill_phic_conf_packages" parent="hospbill_phic_conf_menu" sequence="8"/>

<!-- PHIC Partner -->

    <record model="ir.ui.view" id="hospbill_phic_partner_view">
      <field name="name">Philhealth Partner</field>
      <field name="model">hospbill.phic_partner</field>
      <field name="type">form</field>
      <field name="arch" type="xml">
        <form string="PHIC Partner" version="7.0">
            <sheet>
                    <group colspan="1" col="2">
                        <field name="partner_id" required="1"></field>
                    </group>
            </sheet>
        </form>
      </field>
    </record>

<!-- PHIC Partner Tree -->

    <record model="ir.ui.view" id="hospbill_phic_partner_tree">
      <field name="name">Philhealth Partner</field>
      <field name="model">hospbill.phic_partner</field>
      <field name="type">tree</field>
      <field name="arch" type="xml">
        <tree string='PHIC Partner'>
                    <field name="partner_id"></field>
        </tree>
      </field>
    </record>

<!-- PHIC Partner Actions -->

    <record model="ir.actions.act_window" id="hospbill_action_phic_partner">
      <field name="name">Philhealth Partner</field>
      <field name="type">ir.actions.act_window</field>
      <field name="res_model">hospbill.phic_partner</field>
      <field name="view_type">form</field>
      <field name="view_id" ref="hospbill_phic_partner_tree"/>
    </record>

<!-- PHIC Partner Menu Actions -->

        <menuitem action="hospbill_action_phic_partner" id="hospbill_phic_conf_edit_phic_partner" parent="hospbill_phic_conf_partner" sequence="1"/>

<!-- PHIC Case Types -->

    <record model="ir.ui.view" id="hospbill_phic_casetypes_view">
      <field name="name">Case Types</field>
      <field name="model">hospbill.phic_casetypes</field>
      <field name="type">form</field>
      <field name="arch" type="xml">
        <form string="PHIC Case Type" version="7.0">
            <sheet>
                    <group colspan="1" col="2">
                        <field name="name" required="1"></field>
                    </group>

                    <newline />
                    <notebook>

<!-- Room and Board Product Categories -->
                        <page string="Room and Board">
                            <group colspan="1" col="4">
                                <field name="roomboard" required="1"></field>
                                <field name="roomboard_maxdays" required="1"></field>
                            </group>
                            <newline />
                            <field name="roomboard_cat" nolabel="1" widget="one2many_list"/>
                        </page>

<!-- Drugs and Medicines Product Categories -->
                        <page string="Drugs and Medicines">
                            <group colspan="1" col="2">
                                <field name="drugmed" required="1"></field>
                            </group>
                            <newline />
                            <field name="drugsmeds_cat" nolabel="1" widget="one2many_list"/>
                        </page>

<!-- X-Ray, Lab, Supplies, and Others Product Categories -->
                        <page string="X-Ray, Lab, Supplies, and Others">
                            <group colspan="1" col="2">
                                <field name="xraylabsupp" required="1"></field>
                            </group>
                            <newline />
                            <field name="xraylabsupp_cat" nolabel="1" widget="one2many_list"/>
                        </page>

<!-- Professional Fee: General Practitioner Product Categories -->
                        <page string="PF-General Practitioner">
                            <group colspan="1" col="4">
                                <field name="pfgpperday" required="1"></field>
                                <field name="pfgpmax" required="1"></field>
                            </group>
                            <newline />
                            <field name="pfgp_cat" nolabel="1" widget="one2many_list"/>
                        </page>

<!-- Professional Fee: Specialist Product Categories -->
                        <page string="PF-Specialist">
                            <group colspan="1" col="4">
                                <field name="pfspperday" required="1"></field>
                                <field name="pfspmax" required="1"></field>
                            </group>
                            <newline />
                            <field name="pfsp_cat" nolabel="1" widget="one2many_list"/>
                        </page>

<!-- End of Case Types Tabs -->
                    </notebook>
            </sheet>
        </form>
      </field>
    </record>

<!-- Case Types Tree -->

    <record model="ir.ui.view" id="hospbill_phic_casetypes_tree">
      <field name="name">Case Types</field>
      <field name="model">hospbill.phic_casetypes</field>
      <field name="type">tree</field>
      <field name="arch" type="xml">
        <tree string='PHIC Case Types'>
                    <field name="name"></field>
                    <field name="roomboard"></field>
                    <field name="drugmed"></field>
                    <field name="xraylabsupp"></field>
                    <field name="pfgpperday"></field>
                    <field name="pfspperday"></field>
        </tree>
      </field>
    </record>

<!-- Case Types Actions -->

    <record model="ir.actions.act_window" id="hospbill_action_phic_casetypes">
      <field name="name">Case Types</field>
      <field name="type">ir.actions.act_window</field>
      <field name="res_model">hospbill.phic_casetypes</field>
      <field name="view_type">form</field>
      <field name="view_id" ref="hospbill_phic_casetypes_tree"/>
    </record>

    <record model="ir.actions.act_window" id="hospbill_action_form_phic_casetypes">
      <field name="name">New Case Type</field>
      <field name="type">ir.actions.act_window</field>
      <field name="res_model">hospbill.phic_casetypes</field>
      <field name="view_type">form</field>
      <field name="view_id" ref="hospbill_phic_casetypes_view"/>
    </record>

<!-- Case Types Search Filter -->

        <record id="view_hospbill_phic_casetypes_filter" model="ir.ui.view">
            <field name="name">hospbill.phic_casetypes.select</field>
            <field name="model">hospbill.phic_casetypes</field>
            <field name="type">search</field>
            <field name="arch" type="xml">
                <search string="Search PHIC Case Types">
                <field name="name" select="1"/>
                </search>
            </field>
        </record>

<!-- Case Types Menu Actions -->

        <menuitem action="hospbill_action_phic_casetypes" id="hospbill_phic_conf_edit_phic_casetypes" parent="hospbill_phic_conf_casetypes" sequence="1"/>
        <menuitem action="hospbill_action_form_phic_casetypes" id="hospbill_phic_conf_new_phic_casetypes" parent="hospbill_phic_conf_casetypes" sequence="1"/>

<!-- End of Case Types Form -->

<!-- Room and Board Categories -->

        <record model="ir.ui.view" id="hospbill_roomboard_cat_view">
            <field name="name">Room and Board Product Categories</field>
            <field name="model">hospbill.phic_roomboard_cat</field>
            <field name="type">form</field>
            <field name="arch" type="xml">
                <form string="Room and Board Categories" version="7.0">
                    <sheet>
                    <field name="categ_id"></field>
                    </sheet>
                </form>
            </field>
        </record>

        <record model="ir.ui.view" id="hospbill_roomboard_cat_tree">
            <field name="name">Room and Board Categories List</field>
            <field name="model">hospbill.phic_roomboard_cat</field>
            <field name="type">tree</field>
            <field name="arch" type="xml">
                <tree string='Room and Board Categories' editable='top'>
                    <field name="categ_id"></field>
                </tree>
            </field>
        </record>

<!-- Drugs and Medicines Categories -->

        <record model="ir.ui.view" id="hospbill_drugsmeds_cat_view">
            <field name="name">Drugs and Medicines Product Categories</field>
            <field name="model">hospbill.phic_drugsmeds_cat</field>
            <field name="type">form</field>
            <field name="arch" type="xml">
                <form string="Drugs and Medicines Categories" version="7.0">
                    <sheet>
                    <field name="categ_id"></field>
                    </sheet>
                </form>
            </field>
        </record>

        <record model="ir.ui.view" id="hospbill_drugsmeds_cat_tree">
            <field name="name">Drugs and Medicines Categories List</field>
            <field name="model">hospbill.phic_drugsmeds_cat</field>
            <field name="type">tree</field>
            <field name="arch" type="xml">
                <tree string='Drugs and Medicines Categories' editable='top'>
                    <field name="categ_id"></field>
                </tree>
            </field>
        </record>

<!-- X-Ray, Lab, Supplies, and Others Categories -->

        <record model="ir.ui.view" id="hospbill_xraylabsupp_cat_view">
            <field name="name">X-Ray, Lab, Supplies, and Other Product Categories</field>
            <field name="model">hospbill.phic_xraylabsupp_cat</field>
            <field name="type">form</field>
            <field name="arch" type="xml">
                <form string="X-Ray, Lab, Supplies, and Other Categories" version="7.0">
                    <sheet>
                    <field name="categ_id"></field>
                    <field name="sub_categ"></field>
                    </sheet>
                </form>
            </field>
        </record>

        <record model="ir.ui.view" id="hospbill_xraylabsupp_cat_tree">
            <field name="name">X-Ray, Lab, Supplies, and Other Categories List</field>
            <field name="model">hospbill.phic_xraylabsupp_cat</field>
            <field name="type">tree</field>
            <field name="arch" type="xml">
                <tree string='X-Ray, Lab, Supplies, and Other Categories' editable='top'>
                    <field name="categ_id"></field>
                    <field name="sub_categ"></field>
                </tree>
            </field>
        </record>

<!-- Professional Fee: General Practitioner Categories -->

        <record model="ir.ui.view" id="hospbill_pfgp_cat_view">
            <field name="name">PF-General Practitioner Product Categories</field>
            <field name="model">hospbill.phic_pfgp_cat</field>
            <field name="type">form</field>
            <field name="arch" type="xml">
                <form string="PF-General Practitioner Categories" version="7.0">
                    <sheet>
                    <field name="categ_id"></field>
                    </sheet>
                </form>
            </field>
        </record>

        <record model="ir.ui.view" id="hospbill_pfgp_cat_tree">
            <field name="name">PF-General Practitioner Categories List</field>
            <field name="model">hospbill.phic_pfgp_cat</field>
            <field name="type">tree</field>
            <field name="arch" type="xml">
                <tree string='PF-General Practitioner Categories' editable='top'>
                    <field name="categ_id"></field>
                </tree>
            </field>
        </record>

<!-- Professional Fee: Specialist Categories -->

        <record model="ir.ui.view" id="hospbill_pfsp_cat_view">
            <field name="name">PF-Specialist Product Categories</field>
            <field name="model">hospbill.phic_pfsp_cat</field>
            <field name="type">form</field>
            <field name="arch" type="xml">
                <form string="PF-Specialist Categories" version="7.0">
                    <sheet>
                    <field name="categ_id"></field>
                    </sheet>
                </form>
            </field>
        </record>

        <record model="ir.ui.view" id="hospbill_pfsp_cat_tree">
            <field name="name">PF-Specialist Categories List</field>
            <field name="model">hospbill.phic_pfsp_cat</field>
            <field name="type">tree</field>
            <field name="arch" type="xml">
                <tree string='PF-Specialist Categories' editable='top'>
                    <field name="categ_id"></field>
                </tree>
            </field>
        </record>

<!-- PHIC Operating Room -->

    <record model="ir.ui.view" id="hospbill_phic_operatingroom_view">
      <field name="name">Operating Room</field>
      <field name="model">hospbill.phic_operatingroom</field>
      <field name="type">form</field>
      <field name="arch" type="xml">
        <form string="PHIC Operating Room" version="7.0">
            <sheet>
                    <group colspan="1" col="2">
                        <field name="name" required="1"></field>
                    </group>

                    <newline />
                    <notebook>

<!-- Operating Room Product Categories -->
                        <page string="Categories">
                            <field name="operatingroom_cat" nolabel="1" widget="one2many_list"/>
                        </page>

<!-- Operating Room Amount Reference -->
                        <page string="Amount Reference">
                            <field name="operatingroom_amt" nolabel="1" widget="one2many_list"/>
                        </page>

<!-- End of Operating Room Tabs -->
                    </notebook>
            </sheet>
        </form>
      </field>
    </record>

<!-- Operating Room Tree -->

    <record model="ir.ui.view" id="hospbill_phic_operatingroom_tree">
      <field name="name">Operating Rooms</field>
      <field name="model">hospbill.phic_operatingroom</field>
      <field name="type">tree</field>
      <field name="arch" type="xml">
        <tree string='PHIC Operating Rooms'>
            <field name="name"></field>
        </tree>
      </field>
    </record>

<!-- Operating Room Actions -->

    <record model="ir.actions.act_window" id="hospbill_action_phic_operatingroom">
      <field name="name">Operating Rooms</field>
      <field name="type">ir.actions.act_window</field>
      <field name="res_model">hospbill.phic_operatingroom</field>
      <field name="view_type">form</field>
      <field name="view_id" ref="hospbill_phic_operatingroom_tree"/>
    </record>

    <record model="ir.actions.act_window" id="hospbill_action_form_phic_operatingroom">
      <field name="name">New Operating Room</field>
      <field name="type">ir.actions.act_window</field>
      <field name="res_model">hospbill.phic_operatingroom</field>
      <field name="view_type">form</field>
      <field name="view_id" ref="hospbill_phic_operatingroom_view"/>
    </record>

<!-- Operating Room Search Filter -->

        <record id="view_hospbill_phic_operatingroom_filter" model="ir.ui.view">
            <field name="name">hospbill.phic_operatingroom.select</field>
            <field name="model">hospbill.phic_operatingroom</field>
            <field name="type">search</field>
            <field name="arch" type="xml">
                <search string="Search PHIC Operating Rooms">
                <field name="name" select="1"/>
                </search>
            </field>
        </record>

<!-- Operating Room Menu Actions -->

        <menuitem action="hospbill_action_phic_operatingroom" id="hospbill_phic_conf_edit_phic_operatingroom" parent="hospbill_phic_conf_operatingroom" sequence="1"/>
        <!-- <menuitem action="hospbill_action_form_phic_operatingroom" id="hospbill_phic_conf_new_phic_operatingroom" parent="hospbill_phic_conf_operatingroom" sequence="1"/> -->

<!-- End of Operating Room Form -->

<!-- Operating Room Categories -->

        <record model="ir.ui.view" id="hospbill_operatingroom_cat_view">
            <field name="name">Operating Room Product Categories</field>
            <field name="model">hospbill.phic_operatingroom_cat</field>
            <field name="type">form</field>
            <field name="arch" type="xml">
                <form string="Operating Room Categories" version="7.0">
                    <sheet>
                        <field name="categ_id"></field>
                    </sheet>
                </form>
            </field>
        </record>

        <record model="ir.ui.view" id="hospbill_operatingroom_cat_tree">
            <field name="name">Operating Room Categories List</field>
            <field name="model">hospbill.phic_operatingroom_cat</field>
            <field name="type">tree</field>
            <field name="arch" type="xml">
                <tree string='Operating Room Categories' editable='top'>
                    <field name="categ_id"></field>
                </tree>
            </field>
        </record>

<!-- Operating Room Amount Reference -->

        <record model="ir.ui.view" id="hospbill_operatingroom_amt_view">
            <field name="name">Operating Room Amount Reference</field>
            <field name="model">hospbill.phic_operatingroom_amt</field>
            <field name="type">form</field>
            <field name="arch" type="xml">
                <form string="Operating Room Amount Reference" version="7.0">
                    <sheet>
                    <group colspan="1" col="4" string="Relative Value Unit (RVU) Range">
                        <field name="rvu_min"></field>
                        <field name="rvu_max"></field>
                    </group>
                    <newline />
                    <group colspan="1" col="2" string="Peso Conversion Factor (PCF)">
                        <field name="pcf"></field>
                    </group>
                    <newline />
                    <group colspan="1" col="4" string="Equivalent Amount Range">
                        <field name="min_amt"></field>
                        <field name="max_amt"></field>
                    </group>
                    </sheet>
                </form>
            </field>
        </record>

        <record model="ir.ui.view" id="hospbill_operatingroom_amt_tree">
            <field name="name">Operating Room Amount References</field>
            <field name="model">hospbill.phic_operatingroom_amt</field>
            <field name="type">tree</field>
            <field name="arch" type="xml">
                <tree string='Operating Room Amount References' editable='top'>
                    <field name="rvu_min"></field>
                    <field name="rvu_max"></field>
                    <field name="pcf"></field>
                    <field name="min_amt"></field>
                    <field name="max_amt"></field>
                </tree>
            </field>
        </record>

<!-- PHIC Surgery -->

    <record model="ir.ui.view" id="hospbill_phic_surgery_view">
        <field name="name">Surgery</field>
        <field name="model">hospbill.phic_surgery</field>
        <field name="type">form</field>
        <field name="arch" type="xml">
            <form string="PHIC Surgery" version="7.0">
                <sheet>
                <group colspan="1" col="2">
                    <field name="name" required="1"></field>
                </group>
                <newline />
                <group colspan="1" col="4" string="RVU Range 1">
                    <field name="range1_rvu_min"></field>
                    <field name="range1_rvu_max"></field>
                    <newline />
                    <group colspan="4" col="4" string="Surgeon">
                        <field name="surgeon_pcf"></field>
                        <field name="surgeon_max"></field>
                    </group>
                    <newline />
                    <group colspan="4" col="4" string="Anesthesiologist">
                        <field name="anesthe_pct"></field>
                        <field name="anesthe_max"></field>
                        <field name="anesthe_ref"></field>
                        <field name="anesthe_ref_range"></field>
                    </group>
                </group>

                <group colspan="1" col="4" string="RVU Range 2">
                    <field name="range2_rvu_min"></field>
                    <field name="range2_rvu_max"></field>
                    <newline />
                    <group colspan="4" col="4" string="Surgeon">
                        <field name="surgeon_pcf2"></field>
                        <field name="surgeon_max2"></field>
                    </group>
                    <newline />
                    <group colspan="4" col="4" string="Anesthesiologist">
                        <field name="anesthe_pct2"></field>
                        <field name="anesthe_max2"></field>
                        <field name="anesthe_ref2"></field>
                        <field name="anesthe_ref_range2"></field>
                    </group>
                </group>
                <newline />

<!-- Surgery Service Categories -->
                <separator string="Surgery Service Categories" colspan="4"/>
                <newline />
                <field name="surgery_cats" nolabel="1" widget="one2many_list" colspan="4"/>
                <newline />
<!-- Anesthesiology Service Categories -->
                <separator string="Anesthesiology Service Categories" colspan="4"/>
                <newline />
                <field name="anesthesiology_cats" nolabel="1" widget="one2many_list" colspan="4"/>
                </sheet>
            </form>
        </field>
    </record>

<!-- Surgery Tree -->

    <record model="ir.ui.view" id="hospbill_phic_surgery_tree">
        <field name="name">Surgeon Classification</field>
        <field name="model">hospbill.phic_surgery</field>
        <field name="type">tree</field>
        <field name="arch" type="xml">
            <tree string='PHIC Surgeon Classifications'>
                <field name="name"></field>
                <field name="range1_rvu_min"></field>
                <field name="range1_rvu_max"></field>
                <field name="surgeon_pcf"></field>
                <field name="anesthe_pct"></field>
                <field name="range2_rvu_min"></field>
                <field name="range2_rvu_max"></field>
                <field name="surgeon_pcf2"></field>
                <field name="anesthe_pct2"></field>
            </tree>
        </field>
    </record>

<!-- Surgery Actions -->

    <record model="ir.actions.act_window" id="hospbill_action_phic_surgery">
      <field name="name">Surgeon Classification</field>
      <field name="type">ir.actions.act_window</field>
      <field name="res_model">hospbill.phic_surgery</field>
      <field name="view_type">form</field>
      <field name="view_id" ref="hospbill_phic_surgery_tree"/>
    </record>

    <record model="ir.actions.act_window" id="hospbill_action_form_phic_surgery">
      <field name="name">New Surgeon Classification</field>
      <field name="type">ir.actions.act_window</field>
      <field name="res_model">hospbill.phic_surgery</field>
      <field name="view_type">form</field>
      <field name="view_id" ref="hospbill_phic_surgery_view"/>
    </record>

<!-- Surgery Search Filter -->

        <record id="view_hospbill_phic_surgery_filter" model="ir.ui.view">
            <field name="name">hospbill.phic_surgery.select</field>
            <field name="model">hospbill.phic_surgery</field>
            <field name="type">search</field>
            <field name="arch" type="xml">
                <search string="Search Surgeon Classification">
                <field name="name" select="1"/>
                </search>
            </field>
        </record>

<!-- Surgery Menu Actions -->

        <menuitem action="hospbill_action_phic_surgery" id="hospbill_phic_conf_edit_phic_surgery" parent="hospbill_phic_conf_surgery" sequence="1"/>
        <!-- <menuitem action="hospbill_action_form_phic_surgery" id="hospbill_phic_conf_new_phic_surgery" parent="hospbill_phic_conf_surgery" sequence="1"/> -->

<!-- End of Surgery Form -->

<!-- Surgeon/Anesthesiologist Service Tree -->

    <record model="ir.ui.view" id="hospbill_surg_anes_serv_tree_view">
      <field name="name">Default Surgeon/Anesthesiologist Service</field>
      <field name="model">hospbill.def_surg_anes_serv</field>
      <field name="type">tree</field>
      <field name="arch" type="xml">
        <tree string='Default Surgeon/Anesthesiologist Service' editable='top'>
            <field name="pf_type"></field>
            <field name="pf_service"></field>
        </tree>
      </field>
    </record>

<!--  Surgeon/Anesthesiologist Service Actions -->

    <record model="ir.actions.act_window" id="hospbill_surg_anes_serv_action">
      <field name="name">Surgeon/Anesthesiologist Service</field>
      <field name="type">ir.actions.act_window</field>
      <field name="res_model">hospbill.def_surg_anes_serv</field>
      <field name="view_type">form</field>
      <field name="view_id" ref="hospbill_surg_anes_serv_tree_view"/>
    </record>

<!--  Surgeon/Anesthesiologist Service Actions -->

    <menuitem action="hospbill_surg_anes_serv_action" id="hospbill_surg_anes_serv_menu" parent="hospbill_phic_conf_surgery" sequence="2"/>

<!-- End of Surgeon/Anesthesiologist Service -->

<!-- Surgery Categories -->

        <record model="ir.ui.view" id="hospbill_surgery_cat_view">
            <field name="name">Surgery Service Categories</field>
            <field name="model">hospbill.phic_surgery_cat</field>
            <field name="type">form</field>
            <field name="arch" type="xml">
                <form string="Surgery Categories" version="7.0">
                    <sheet>
                    <field name="categ_id"></field>
                    </sheet>
                </form>
            </field>
        </record>

        <record model="ir.ui.view" id="hospbill_surgery_cat_tree">
            <field name="name">Surgery Categories List</field>
            <field name="model">hospbill.phic_surgery_cat</field>
            <field name="type">tree</field>
            <field name="arch" type="xml">
                <tree string='Surgery Service Categories' editable='top'>
                    <field name="categ_id"></field>
                </tree>
            </field>
        </record>

<!-- Anesthesology Categories -->

        <record model="ir.ui.view" id="hospbill_anesthesiology_cat_view">
            <field name="name">Anesthesiology Service Categories</field>
            <field name="model">hospbill.phic_anesthesiology_cat</field>
            <field name="type">form</field>
            <field name="arch" type="xml">
                <form string="Anesthesiology Categories" version="7.0">
                    <sheet>
                    <field name="categ_id"></field>
                    </sheet>
                </form>
            </field>
        </record>

        <record model="ir.ui.view" id="hospbill_anesthesiology_cat_tree">
            <field name="name">Anesthesiology Categories List</field>
            <field name="model">hospbill.phic_anesthesiology_cat</field>
            <field name="type">tree</field>
            <field name="arch" type="xml">
                <tree string='Anesthesiology Service Categories' editable='top'>
                    <field name="categ_id"></field>
                </tree>
            </field>
        </record>

<!-- PHIC Procedures RVU -->

        <record model="ir.ui.view" id="hospbill_phic_proc_rvu_view">
            <field name="name">Philhealth Relative Value Scale</field>
            <field name="model">hospbill.phic_rvs</field>
            <field name="type">form</field>
            <field name="arch" type="xml">
                <form string="Philhealth Relative Value Scale" version="7.0">
                    <sheet>
                    <group colspan="4" col="4">
                        <field name="system" />
                        <field name="code" />
                        <field name="name" />
                        <field name="rvu" />
                    </group>
                    </sheet>
                </form>
            </field>
        </record>

        <record model="ir.ui.view" id="hospbill_phic_proc_rvu_tree">
            <field name="name">Philhealth Relative Value Scale</field>
            <field name="model">hospbill.phic_rvs</field>
            <field name="type">tree</field>
            <field name="arch" type="xml">
                <tree string='Anesthesiology Service Categories'>
                    <field name="system" />
                    <field name="code" />
                    <field name="name" />
                    <field name="rvu" />
                </tree>
            </field>
        </record>

        <record model="ir.actions.act_window" id="hospbill_action_phic_proc_rvu">
            <field name="name">Philhealth Relative Value Scale</field>
            <field name="type">ir.actions.act_window</field>
            <field name="res_model">hospbill.phic_rvs</field>
            <field name="view_type">form</field>
            <field name="view_mode">form,tree</field>
            <field name="view_id" ref="hospbill_phic_proc_rvu_tree"/>
        </record>

        <menuitem action="hospbill_action_phic_proc_rvu" id="hospbill_phic_conf_edit_phic_proc_rvu" parent="hospbill_phic_conf_proc_rvu" sequence="1"/>

<!-- Diseases PHIC Case Types -->

        <record model="ir.ui.view" id="hospbill_phic_pathology_view">
            <field name="name">Diseases Case Types</field>
            <field name="model">medical.pathology</field>
            <field name="type">form</field>
            <field name="inherit_id" ref="his_icd10_code.medical_pathology_view" />
            <field name="arch" type="xml">
                <page position="after" string="Extra Info">
                    <page position="inside" string="Philhealth Case Type">
                        <field name="casetype_id"></field>
                        <field name="package_id"></field>
                    </page>
                </page>
            </field>
        </record>

        <record model="ir.ui.view" id="hospbill_phic_pathology_tree">
            <field name="name">Diseases List</field>
            <field name="model">medical.pathology</field>
            <field name="type">tree</field>
            <field name="inherit_id" ref="his_icd10_code.medical_pathology_tree" />
            <field name="arch" type="xml">
                <tree string='Pathology'>
                    <field name="casetype_id" position="after"></field>
                    <field name="package_id" position="after"></field>
                </tree>
            </field>
        </record>

    <record model="ir.actions.act_window" id="hospbill_action_phic_pathology">
      <field name="name">Diseases</field>
      <field name="type">ir.actions.act_window</field>
      <field name="res_model">medical.pathology</field>
      <field name="view_type">form</field>
      <field name="view_id" ref="hospbill_phic_pathology_tree"/>
    </record>

        <menuitem action="hospbill_action_phic_pathology" id="hospbill_phic_conf_edit_phic_pathology" parent="hospbill_phic_conf_pathology" sequence="1"/>

<!-- End of Diseases PHIC Case Types -->

<!-- PHIC Packages -->

    <record model="ir.ui.view" id="hospbill_phic_packages_view">
      <field name="name">Philhealth Packages</field>
      <field name="model">hospbill.phic_packages</field>
      <field name="type">form</field>
      <field name="arch" type="xml">
        <form string="PHIC Packages" version="7.0">
            <sheet>
                    <group colspan="1" col="2">
                        <field name="name" required="1"></field>
                        <field name="rate" required="1"></field>
                        <field name="pf_pct" required="1"></field>
                    </group>
            </sheet>
        </form>
      </field>
    </record>

<!-- PHIC Packages Tree -->

    <record model="ir.ui.view" id="hospbill_phic_packages_tree">
      <field name="name">Philhealth Packages</field>
      <field name="model">hospbill.phic_packages</field>
      <field name="type">tree</field>
      <field name="arch" type="xml">
        <tree string='PHIC Packages' editable='top'>
            <field name="name"></field>
            <field name="rate"></field>
            <field name="pf_pct"></field>
        </tree>
      </field>
    </record>

<!-- PHIC Packages Actions -->

    <record model="ir.actions.act_window" id="hospbill_action_phic_packages">
      <field name="name">Philhealth Packages</field>
      <field name="type">ir.actions.act_window</field>
      <field name="res_model">hospbill.phic_packages</field>
      <field name="view_type">form</field>
      <field name="view_id" ref="hospbill_phic_packages_tree"/>
    </record>

<!-- PHIC Packages Menu Actions -->

        <menuitem action="hospbill_action_phic_packages" id="hospbill_phic_conf_edit_phic_packages" parent="hospbill_phic_conf_packages" sequence="1"/>

<!-- End of PHIC Packages -->

<!-- Pathologies with PHIC Covered Products -->

    <record model="ir.ui.view" id="hospbill_phic_covered_prods_form">
      <field name="name">Pathologies with PHIC Covered Products</field>
      <field name="model">hospbill.phic_pathology_covered_prods</field>
      <field name="type">form</field>
      <field name="arch" type="xml">
        <form string="Pathologies with PHIC Covered Products" version="7.0">
            <sheet>
                <group>
                    <field name="pathology_id" required="1"></field>
                </group>
                <newline />
                <separator string="PHIC Covered Products" />
                <newline />
                <field name="phic_covered_prods" nolabel="1" widget="one2many_list"/>
            </sheet>
        </form>
      </field>
    </record>

<!-- Pathologies with PHIC Covered Products Tree -->

    <record model="ir.ui.view" id="hospbill_phic_covered_prods_tree">
      <field name="name">Pathologies with PHIC Covered Products</field>
      <field name="model">hospbill.phic_pathology_covered_prods</field>
      <field name="type">tree</field>
      <field name="arch" type="xml">
        <tree string='Pathologies with PHIC Covered Products'>
            <field name="pathology_id"></field>
        </tree>
      </field>
    </record>

<!-- Pathologies with PHIC Covered Products Actions -->

    <record model="ir.actions.act_window" id="hospbill_action_phic_covered_prods">
      <field name="name">Pathologies with PHIC Covered Products</field>
      <field name="type">ir.actions.act_window</field>
      <field name="res_model">hospbill.phic_pathology_covered_prods</field>
      <field name="view_type">form</field>
      <field name="view_id" ref="hospbill_phic_covered_prods_tree"/>
    </record>

    <record model="ir.actions.act_window" id="hospbill_action_phic_covered_prods_form">
      <field name="name">New Pathology with PHIC Covered Products</field>
      <field name="type">ir.actions.act_window</field>
      <field name="res_model">hospbill.phic_pathology_covered_prods</field>
      <field name="view_type">form</field>
      <field name="view_id" ref="hospbill_phic_covered_prods_form"/>
    </record>

<!-- Pathologies with PHIC Covered Products Search Filter -->

        <record id="view_hospbill_phic_covered_prods_filter" model="ir.ui.view">
            <field name="name">hospbill.phic_pathology_covered_prods.select</field>
            <field name="model">hospbill.phic_pathology_covered_prods</field>
            <field name="type">search</field>
            <field name="arch" type="xml">
                <search string="Search Pathologies with PHIC Covered Products">
                    <field name="pathology_id" select="1"/>
                </search>
            </field>
        </record>

<!-- Pathologies with PHIC Covered Products Menu Actions -->

        <menuitem action="hospbill_action_phic_covered_prods" id="hospbill_phic_conf_edit_phic_covered_prods" parent="hospbill_phic_conf_covered_prods" sequence="1"/>
        <menuitem action="hospbill_action_phic_covered_prods_form" id="hospbill_phic_conf_new_phic_covered_prods" parent="hospbill_phic_conf_covered_prods" sequence="1"/>

<!-- PHIC Covered Products -->

        <record model="ir.ui.view" id="hospbill_phic_covered_prods2_view">
            <field name="name">PHIC Covered Products</field>
            <field name="model">hospbill.phic_covered_prods</field>
            <field name="type">form</field>
            <field name="arch" type="xml">
                <form string="PHIC Covered Products" version="7.0">
                    <sheet>
                        <field name="product_id"></field>
                    </sheet>
                </form>
            </field>
        </record>

        <record model="ir.ui.view" id="hospbill_phic_covered_prods2_tree">
            <field name="name">PHIC Covered Products</field>
            <field name="model">hospbill.phic_covered_prods</field>
            <field name="type">tree</field>
            <field name="arch" type="xml">
                <tree string='PHIC Covered Products' editable='top'>
                    <field name="product_id"></field>
                </tree>
            </field>
        </record>

<!-- End of Pathologies with PHIC Covered Products -->

<!-- hr.employee for Physicians Modification -->

        <record model="ir.ui.view" id="hospbill_physician_phic_view">
            <field name="name">hr.employee.form.phic</field>
            <field name="model">hr.employee</field>
            <field name="type">form</field>
            <field name="inherit_id" ref="hr.view_employee_form" />
            <field name="arch" type="xml">
                <page position="after" string="HR Settings">
                    <page position="inside" string="Philhealth" attrs="{'invisible':[('doctor','=',False)]}">
                        <group string="Philhealth Accreditation Information">
                            <field name="surgeon_class"></field>
                            <newline />
                            <field name="phic_accred_no"></field>
                        </group>
                    </page>
                </page>
            </field>
        </record>

<!-- End of Pathologies with PHIC Covered Products -->

    </data>
</openerp>

