<openerp>
<data>
    
                
      <record model="ir.ui.view" id="his_discounts_form_view">
        <field name="name">Discounts</field>
        <field name="model">his.discounts</field>
        <field name="type">form</field>
        <field name="arch" type="xml">
            <group colspan="6" col="6">             
                <field name="name" colspan="2"/>
                <field name="description" colspan="2"/>
                <field name="pharma_pctg" colspan="2"/>
            </group>
        </field>
    </record>
    
      <record model="ir.ui.view" id="his_discounts_tree_view">
        <field name="name">Discounts</field>
        <field name="model">his.discounts</field>
        <field name="type">tree</field>
        <field name="arch" type="xml">
            <tree string="Discounts" editable='top'>           
                <field name="name"/>
                <field name="description"/>
                <field name="pharma_pctg"/>
                <field name="pricelist_id"/>
            </tree>
        </field>
    </record>
  
    
    <record model="ir.actions.act_window" id="action_issued_his_discounts">
        <field name="name">Discounts</field>
        <field name="type">ir.actions.act_window</field>
        <field name="res_model">his.discounts</field>
        <field name="view_type">form</field>
        <field name="view_mode">tree,form</field>
        <field name="view_id" ref="his_discounts_tree_view"/>
    </record>
       <menuitem name="Discounts" icon="terp-project" action="action_issued_his_discounts" id="Discounts_menu" parent="hospital_mgmt.hospital_mgmt_configuration_menu" sequence="4"/>
   
</data>
</openerp>
