<?xml version="1.0" encoding="utf-8"?>
<openerp>
    <data>  
        <record model="ir.ui.view" id="list_of_donors_form_view">
            <field name="name">Sponsor</field>
            <field name="model">res.partner</field>
            <field name="type">form</field>
            <field name="priority" eval="30" />
            <field name="arch" type="xml" >
                <form string="Sponsors" version="7.0">
                    <field name="donor" invisible="1"/>
                    <group colspan="8" col="8">
                        <div class="eo_title">
                            <label for="ref" string="Sponsor No."/>
                            <h1><field name="ref"/></h1>
                        </div>
                        <newline/>
                        <div class="eo_title" colspan="2">
                            <label for="name" string="Lastname"/>
                            <h1><field name="name"/></h1>
                        </div>
                        <div class="eo_title" colspan="2">
                            <label for="fname" string="Firstname"/>
                            <h1><field name="fname"/></h1>
                        </div>
                        <div class="eo_title" colspan="2">
                            <label for="mname" string="Middlename"/>
                            <h1><field name="mname"/></h1>
                        </div>
                    </group>
                        <newline />
                        <!--<field mode="form,tree" name="address" nolabel="1" colspan="6">
                            <form>-->
                                <group string="Postal Address" colspan="6" col="6">
                                    <field name="street"/>
                                    <field name="street2" string="Brgy."/>
                                    <field name="city" string="Town/City"/>
                                    <field name="state_id" string="Province" domain="[('country_id','=',country_id)]"/>
                                    <field name="country_id"/>
                                    <field name="zip"/>
                                </group>
                            <!--</form>
                            <tree>
                                <field name="street"/>
                                <field name="city" string="Town/City"/>
                                <field name="state_id" string="Province"/>
                                <field name="country_id"/>
                            </tree>
                        </field>
                        <newline />-->
                        <separator colspan="6" string="Sponsored Patients"/>
                        <newline />
                        <field name="sponsor_id" widget="one2many_list" nolabel="1" colspan="6">
                            <form>
                                <field name="sponsored_patient_name"
                                       context="{'form_view_ref' : 'his_patient_mgmt.list_of_patient_form_view', 'tree_view_ref' : 'his_patient_mgmt.list_of_patient_tree_view'}"/>
                                <field name="credit_limit"/>
                                <field name="balance"/>
                                <field name="state"/>
                            </form>
                            <tree editable="top">
                                <field name="sponsored_patient_name"
                                       context="{'form_view_ref' : 'his_patient_mgmt.list_of_patient_form_view', 'tree_view_ref' : 'his_patient_mgmt.list_of_patient_tree_view'}"/>
                                <field name="credit_limit"/>
                                <field name="balance"/>
                                <field name="state"/>
                            </tree>
                        </field>
                </form>
            </field>
        </record>
        
        <record model="ir.ui.view" id="list_of_donors_tree_view">
            <field name="name">Sponsors</field>
            <field name="model">res.partner</field>
            <field name="type">tree</field>
            <field name="priority" eval="100" />
            <field name="arch" type="xml" >
                <tree string="Sponsors">
                    <field name="ref" string="Sponsor No."/>
                    <field name="whole_name" string="Name"/>
                </tree>
            </field>
        </record>
        
        <record model="ir.ui.view" id="list_of_donors_search_view">
            <field name="name">Sponsors</field>
            <field name="model">res.partner</field>
            <field name="type">search</field>
            <field name="arch" type="xml">
                <search string="Sponsors">
                    <field name="ref" string="Sponsor No."/>
                    <field name="whole_name" string="Name"/>
                </search>
            </field>
          </record>

        <record model="ir.actions.act_window" id="action_donor_view">
            <field name="name">List of Sponsors</field>
            <field name="type">ir.actions.act_window</field>
            <field name="res_model">res.partner</field>
            <field name="view_type">form</field>
            <field name="view_mode">tree,form</field>
            <field name="search_view_id" ref="list_of_donors_search_view"/>
            <field name="context">{'default_customer': 0, 'default_donor': 1}</field>
            <field name="domain">[('donor','=',1)]</field>
       </record>
       
       <record model="ir.actions.act_window.view" id="action_list_of_donors_tree_view">
            <field name="view_mode">tree</field>
            <field name="view_id" ref="list_of_donors_tree_view"/>
            <field name="act_window_id" ref="action_donor_view"/>
       </record>
       
       <record model="ir.actions.act_window.view" id="action_list_of_donors_form_view">
            <field name="view_mode">form</field>
            <field name="view_id" ref="list_of_donors_form_view"/>
            <field name="act_window_id" ref="action_donor_view"/>
       </record>
            
        <menuitem name="Sponsors" icon="terp-project" id="donors_menu" parent="hospital_mgmt.hospital_management_menu" sequence="4"/>
        <menuitem name="Enrolment" string="List of Sponsors" icon="terp-project" id="donor_enrolment_menu" parent="donors_menu" action="action_donor_view" sequence="1"/>
            
    </data>
</openerp>

