<?xml version="1.0" ?>
<openerp>
<data>
    
                
      <record model="ir.ui.view" id="his_pos_for_nurse_stations_form_view">
        <field name="name">POS for Nurse Stations</field>
        <field name="model">his.pos.nurse.stations</field>
        <field name="type">form</field>
        <field name="arch" type="xml">
            <form string="POS for Nurse Stations" version="7.0">
            <header>
                <button name="submit_button" string="Submit to Pharmacy" type="object" states="Draft" class="oe_highlight"/>
                <button name="process_button" groups="his_pos_nurse_station.security" string="Process Orders" type="object" states="Recorded,Partially Done" class="oe_highlight"/>
                <button name="set_to_draft_button" groups="his_pos_nurse_station.security" string="Set to Draft" type="object" states="Recorded,Partially Done"/>
                <button name="cancel_button" groups="his_pos_nurse_station.security" string="Cancel Orders" type="object" states="Recorded,Partially Done"/>
                <field name="state" widget="statusbar" nolabel="1" statusbar_visible="Draft,Recorded,Completely Done" statusbar_colors='{"Cancelled":"red", "Partially Done":"green"}'/>
            </header>
            <group colspan="8" col="8">
                <field name="admission_name" colspan="4" on_change="onchange_admission_name(admission_name)"
                       context="{'form_view_ref' : 'view_ref_custom.his_admission_form_view_ref_custom'}"
                       attrs="{'readonly': ['|','|','|', ('state','=','Recorded'), ('state','=','Cancelled'), ('state','=','Partially Done'), ('state','=','Completely Done')]}"/>             
                <field name="name" colspan="4" on_change="onchange_partner_patient_id(name)" invisible="1"
                       attrs="{'readonly': ['|','|','|', ('state','=','Recorded'), ('state','=','Cancelled'), ('state','=','Partially Done'), ('state','=','Completely Done')]}"/>
                <field name="trans_id" colspan="2"/>
                <field name="date_encoded" colspan="2"/>
                <field name="with_phic" colspan="2" invisible="0"/>
            </group>
            <group colspan="6" col="6" groups="his_pos_nurse_station.security"> 
                <group colspan="4" col="4">
                    <group colspan="6" col="6">
                        <group string="Philhealth Passbook(PHIC)" colspan="3" col="3"> 
                            <field name="philhealth_balance"/>
                            <newline/>
                            <field name="philhealth_used"/>
                        </group>
                        <group string="Whitecard(MSS)" colspan="3" col="3"> 
                            <field name="whitecard_balance"/>
                            <newline/>
                            <field name="whitecard_used"/>
                        </group>
                        <newline/>
                        <group string="CAAP" colspan="2" col="2"> 
                            <field name="caap_used" nolabel="1"/>
                            <label string=" "/>
                        </group>
                        <group string="Ecart" colspan="2" col="2"> 
                            <field name="ecart_used" nolabel="1"/>
                            <label string=" "/>
                        </group>
                        <group string="Cash" colspan="2" col="2"> 
                            <field name="cash" nolabel="1"/>
                            <label string=" "/>
                        </group>
                    
                    </group>
                </group>
                <group colspan="2" col="2">
                    <group string="PDAF" colspan="2" col="2"> 
                        <field name="use_pdaf"/>
                        <group colspan="2" col="2">
                            <field name="partner_id" on_change="onchange_partner_id(partner_id, name)" 
                                   attrs="{'required': [('sponsor_ids','!=','[]'), ('use_pdaf','=',True), ('state','=','Recorded')],
                                            'readonly': [('state','!=','Recorded')]}"
                                   context="{'form_view_ref' : 'his_sponsor_mgmt.list_of_donors_form_view', 'tree_view_ref' : 'his_sponsor_mgmt.list_of_donors_tree_view'}"/>
                            <field name="sponsor_ids" invisible="1"/>
                            <field name="pdaf_balance"/>
                            <field name="pdaf_used"/>
                        </group>
                    </group>
                </group>
            </group>

            <separator colspan="6"/>
            <field name="pos_line" colspan="6" nolabel="1">
                <tree editable="top" colors="blue:done==False">
                    <field name="product_id"
                           context="{'shop':parent.shop_id}"
                           on_change="onchange_product_id(parent.secondary_shop_id,parent.pricelist_id,product_id,qty,parent.name, context)"
                           attrs="{'readonly': [('done','=',True)]}"/>
                    <field name="requested_qty"
                           attrs="{'readonly': ['|',('done','=',True),('recorded','=',True)]}"/>
                    <field name="qty" groups="his_pos_nurse_station.security"
                           context="{'shop':parent.shop_id}"
                           on_change="onchange_qty(product_id, qty, price_unit, parent.secondary_shop_id, requested_qty, context)"
                           attrs="{'readonly': [('done','=',True)]}"/>
                           
                    <field name="dose" groups="his_pos_nurse_station.security_nurse" attrs="{'readonly': [('done','=',True)]}"/>
                    <field name="frequency" groups="his_pos_nurse_station.security_nurse" attrs="{'readonly': [('done','=',True)]}"/>
                    <field name="routes" groups="his_pos_nurse_station.security_nurse" attrs="{'readonly': [('done','=',True)]}"/>
                    <field name="dose_frequency" groups="his_pos_nurse_station.security" readonly="1"/>
                    
                    <field name="price_unit" groups="his_pos_nurse_station.security" attrs="{'readonly': [('done','=',True)]}" on_change="onchange_price_unit(price_unit, qty)"/>
                    <field name="price_subtotal_incl" groups="his_pos_nurse_station.security" attrs="{'readonly': [('done','=',True)]}" sum="TOTAL"/>
                    
                    <field name="phic" on_change="onchange_phic(phic, parent.philhealth_balance, price_subtotal_incl, parent.trans_id, product_id, caap, pdaf, cash)" 
                           groups="his_pos_nurse_station.security" attrs="{'readonly': [('done','=',True)], 'invisible': [('with_phic','=',False)]}"/>
                    <field name="pdaf" on_change="onchange_pdaf(pdaf, parent.pdaf_balance, price_subtotal_incl, parent.trans_id, product_id, caap, phic, cash)" 
                           groups="his_pos_nurse_station.security" attrs="{'readonly': [('done','=',True)]}"/>
                    <field name="whitecard" on_change="onchange_whitecard(whitecard, parent.whitecard_balance, price_subtotal_incl, parent.trans_id, product_id, caap)" 
                           groups="his_pos_nurse_station.charity" attrs="{'readonly': [('done','=',True)]}"/>
                    <field name="caap" on_change="onchange_caap(caap, product_id, phic, pdaf, whitecard, cash)" 
                           groups="his_pos_nurse_station.charity" attrs="{'readonly': [('done','=',True)]}"/>
                    <field name="ecart" on_change="onchange_ecart(ecart, phic, pdaf, whitecard, caap, cash, product_id)"
                           attrs="{'readonly': [('done','=',True)]}"/>
                    <field name="cash" on_change="onchange_cash(cash, product_id, caap, phic, pdaf)" 
                           groups="his_pos_nurse_station.security" attrs="{'readonly': [('done','=',True)]}"/>
                    <field name="cash_charge" groups="his_pos_nurse_station.security" attrs="{'readonly': ['|',('done','=',True), ('cash','=',False)]}"/>
                    <field name="remarks" attrs="{'readonly': [('done','=',True)]}"/>
                    <field name="done" groups="his_pos_nurse_station.security" invisible="1"/>
                    <field name="recorded" groups="his_pos_nurse_station.security" invisible="1"/>
                    <field name="pos" groups="his_pos_nurse_station.security" string="Transfer to" attrs="{'readonly': [('done','=',True)]}"
                           context="{'form_view_ref' : 'view_ref_custom.his_pos_for_nurse_stations_form_view_ref_custom', 'default_state':'Recorded',
                                    'default_admission_name':parent.admission_name, 'default_name':parent.name }"/>
                    <field name="with_phic" invisible="0"/>
                </tree>
            </field>
            <group colspan="4" col="4">
                <group colspan="2" col="2" string="User Info">
                    <field name="user_id" widget="selection"/>
                    <field name="department_id" widget="selection"/>
                    <field name="pricelist_id" widget="selection" invisible="1"/>
                </group>
                <group colspan="2" col="2" string="Shop">
                    <field name="shop_id" widget="selection"/>
                    <field name="secondary_shop_id" widget="selection"/>
                </group>
            </group>
        </form>
        </field>
    </record>
    
     <record model="ir.ui.view" id="his_pos_for_nurse_stations_tree_view">
        <field name="name">POS for Nurse Stations</field>
        <field name="model">his.pos.nurse.stations</field>
        <field name="type">tree</field>
        <field name="arch" type="xml">
            <tree string="POS for Nurse Stations" colors="blue:state=='Draft';red:state=='Cancelled'">           
                <field name="name"/>
                <field name="trans_id"/>
                <field name="date_encoded"/>
                <field name="state"/>
            </tree>
        </field>
    </record>
    <record model="ir.ui.view" id="his_pos_for_nurse_stations_pharmacy_tree_view">
        <field name="name">Request from Nurse Stations</field>
        <field name="model">his.pos.nurse.stations</field>
        <field name="type">tree</field>
        <field name="arch" type="xml">
            <tree string="POS for Nurse Stations" colors="blue:state=='Recorded';red:state=='Cancelled';green:state=='Partially Done'">           
                <field name="name"/>
                <field name="trans_id"/>
                <field name="date_encoded"/>
                <field name="state"/>
            </tree>
        </field>
    </record>
  
    <record id="his_pos_for_nurse_stations_search_view" model="ir.ui.view">
        <field name="name">POS for Nurse Stations</field>
        <field name="model">his.pos.nurse.stations</field>
        <field name="type">search</field>
        <field name="arch" type="xml">
            <search string="POS for Nurse Stations">
                <filter string="Draft" name="draft" icon="None" domain="[('state','=','Draft')]"/>
                <filter string="Recorded" icon="None" domain="[('state','=','Recorded')]"/>
                <filter string="Cancelled" icon="None" domain="[('state','=','Cancelled')]"/>
                <newline/>
                <field name="name"/>
                <field name="trans_id"/>
            </search>
        </field>
     </record> 
     
     <record id="his_pos_for_nurse_stations_pharmacy_search_view" model="ir.ui.view">
        <field name="name">Request from Nurse Stations</field>
        <field name="model">his.pos.nurse.stations</field>
        <field name="type">search</field>
        <field name="arch" type="xml">
            <search string="POS for Nurse Stations">
                <filter string="Recorded" name="recorded" icon="None" domain="[('state','=','Recorded')]"/>
                <filter string="Partially Done" icon="None" domain="[('state','=','Partially Done')]"/>
                <filter string="Completely Done" icon="None" domain="[('state','=','Completely Done')]"/>
                <filter string="Cancelled" icon="None" domain="[('state','=','Cancelled')]"/>
                <newline/>
                <field name="name"/>
                <field name="trans_id"/>
            </search>
        </field>
     </record> 
     
    <record model="ir.actions.act_window" id="action_his_pos_for_nurse_stations_view">
        <field name="name">Drugs and Medicines</field>
        <field name="type">ir.actions.act_window</field>
        <field name="res_model">his.pos.nurse.stations</field>
        <field name="view_type">form</field>
        <field name="view_mode">tree,form</field>
        <field name="domain">['|','|', ('state','=','Recorded'),('state','=','Draft'),('state','=','Cancelled')]</field>
        <field name="context">{"search_default_draft":1, "default_state":'Draft'}</field>
        <field name="view_id" ref="his_pos_for_nurse_stations_tree_view"/>
        <field name="search_view_id" ref="his_pos_for_nurse_stations_search_view"/>
    </record>
    
    <record model="ir.actions.act_window" id="action_his_pos_for_nurse_stations_pharmacy_view">
        <field name="name">Drug Request from Nurse Stations</field>
        <field name="type">ir.actions.act_window</field>
        <field name="res_model">his.pos.nurse.stations</field>
        <field name="view_type">form</field>
        <field name="view_mode">tree,form</field>
        <field name="domain">['|', '|', '|', ('state','=','Recorded'),('state','=','Partially Done'),('state','=','Cancelled'),('state','=','Completely Done')]</field>
        <field name="context">{"search_default_recorded":1, "default_state":'Draft'}</field>
        <field name="view_id" ref="his_pos_for_nurse_stations_pharmacy_tree_view"/>
        <field name="search_view_id" ref="his_pos_for_nurse_stations_pharmacy_search_view"/>
    </record>
    
    <menuitem name="Nurse Station" 
              groups="his_pos_nurse_station.security_nurse" 
              id="POS_Nurse_Station" 
              sequence="31"/>
    <menuitem name="Requests" 
              groups="his_pos_nurse_station.security_nurse" 
              id="POS_Nurse_Station_Request" 
              parent="POS_Nurse_Station" 
              sequence="1"/>
    <menuitem name="Drugs and Medicines" 
              groups="his_pos_nurse_station.security_nurse" 
              action="action_his_pos_for_nurse_stations_view" 
              id="POS_Nurse_Station_Drugs_Medicines" 
              parent="POS_Nurse_Station_Request" 
              sequence="1"/>
    <menuitem name="Laboratory"
              groups="his_pos_nurse_station.security_nurse" 
              action="his_laboratory.action_his_patient_lab_test_request" 
              id="POS_Nurse_Station_Laboratory" 
              parent="POS_Nurse_Station_Request" 
              sequence="2"/>
    <menuitem name="Radiology" 
              groups="his_pos_nurse_station.security_nurse" 
              action="his_radiology.action_his_patient_rad_exam_request" 
              id="POS_Nurse_Station_Radiology"
              parent="POS_Nurse_Station_Request"
              sequence="3"/>

    <menuitem name="Drug Requests" 
              groups="his_pos_nurse_station.security" 
              action="action_his_pos_for_nurse_stations_pharmacy_view" 
              id="POS_Nurse_Station_Pharmacy" 
              parent="point_of_sale.menu_point_of_sale" sequence="5"/>
   
</data>
</openerp>

