<?xml version="1.0"?>
<openerp>
<data noupdate="1">

    <record model="product.pricelist" id="pricelist_a_ward">
        <field name="name">Type A-Ward</field>
        <field name="type">sale</field>
        <field name="currency_id">37</field>
        <field name="pricelist_group">a_ward</field>
        <field name="active">True</field>
    </record>
    <record model="product.pricelist" id="pricelist_a_semi_private">
        <field name="name">Type A-Semi Private</field>
        <field name="type">sale</field>
        <field name="currency_id">37</field>
        <field name="pricelist_group">a_semi</field>
        <field name="active">True</field>
    </record>
    <record model="product.pricelist" id="pricelist_a_private">
        <field name="name">Type A-Private</field>
        <field name="type">sale</field>
        <field name="currency_id">37</field>
        <field name="pricelist_group">a_private</field>
        <field name="active">True</field>
    </record>
    <record model="product.pricelist" id="pricelist_a_suite">
        <field name="name">Type A-Suite</field>
        <field name="type">sale</field>
        <field name="currency_id">37</field>
        <field name="pricelist_group">a_suite</field>
        <field name="active">True</field>
    </record>
    <record model="product.pricelist" id="pricelist_b">
        <field name="name">Type B</field>
        <field name="type">sale</field>
        <field name="currency_id">37</field>
        <field name="pricelist_group">b</field>
        <field name="active">True</field>
    </record>
    <record model="product.pricelist" id="pricelist_c">
        <field name="name">Type C</field>
        <field name="type">sale</field>
        <field name="currency_id">37</field>
        <field name="pricelist_group">c</field>
        <field name="active">True</field>
    </record>
    <record model="product.pricelist" id="pricelist_d">
        <field name="name">Type D</field>
        <field name="type">sale</field>
        <field name="currency_id">37</field>
        <field name="pricelist_group">d</field>
        <field name="active">True</field>
    </record>
</data>
</openerp>
