<?xml version="1.0" encoding="utf-8"?>
<openerp>
    <data noupdate="1">
        <!-- Sequences for inpatient registration-->
        <record id="seq_type_medical_inpatient" model="ir.sequence.type">
            <field name="name">Patient Admission ID</field>
            <field name="code">patient.admission.id</field>
        </record>
        <record id="seq_medical_inpatient" model="ir.sequence">
            <field name="name">Patient Admission ID</field>
            <field name="code">patient.admission.id</field>
            <field name="prefix">%(year)s%(month)s%(day)s</field>
            <field name="padding">6</field>
        </record>        

    </data>
</openerp>
