﻿<?xml version="1.0"?>
<!--
##############################################################################
#
#    Harmoni HIS
#    Copyright (C) 2013 onwards Electronic Health Records International (<http://ehrinternational.com>).
#    By: Edwin N. Gonzales, EHRI-CTO and Jaynar L. Santos, EHRI-Senior Programmer
#    All Rights Reserved
#    $Id$
#
#    This program is free software: you can redistribute it and/or modify
#    it under the terms of the GNU General Public License as published by
#    the Free Software Foundation, either version 3 of the License, or
#    (at your option) any later version.
#
#    This program is distributed in the hope that it will be useful,
#    but WITHOUT ANY WARRANTY; without even the implied warranty of
#    MERCHANTABILITY or FITNESS FOR A PARTICULAR PURPOSE.  See the
#    GNU General Public License for more details.
#
#    You should have received a copy of the GNU General Public License
#    along with this program.  If not, see <http://www.gnu.org/licenses/>.
#
##############################################################################
-->
<openerp>
    <data>

                <menuitem name="Radiology" id="his_rad_main_menu" parent="hospital_mgmt.hospital_management_menu" />
                <menuitem name="Requests" id="his_rad_requests" parent="his_rad_main_menu" sequence="1"/>
                <menuitem name="Configuration" id="his_conf_radiology" parent="his_rad_main_menu" sequence="3"/>

<!-- rad exam units -->
                <record model="ir.ui.view" id="his_rad_unit_form">
                        <field name="name">Radiology Examination Units</field>
                        <field name="model">his.rad.exam.units</field>
                        <field name="type">form</field>
                        <field name="arch" type="xml">
                                <form string="Test Unit">
                                        <field name="name" required="1"/>
                                        <field name="code"/>
                                </form>
                        </field>
                </record>

                <record model="ir.ui.view" id="his_rad_unit_tree">
                        <field name="name">Radiology Examination Units</field>
                        <field name="model">his.rad.exam.units</field>
                        <field name="type">tree</field>
                        <field name="arch" type="xml">
                                <tree string="Test Units">
                                        <field name="name"/>
                                        <field name="code"/>
                                </tree>
                        </field>
                </record>

                <record model="ir.actions.act_window" id="his_action_rad_unit">
                        <field name="name">Radiology Examination Units</field>
                        <field name="type">ir.actions.act_window</field>
                        <field name="res_model">his.rad.exam.units</field>
                        <field name="view_type">form</field>
                        <field name="view_mode">tree,form</field>
                </record>


                <record id="view_his_rad_exam_unit_search" model="ir.ui.view">
                        <field name="name">his.rad.exam.units.select</field>
                        <field name="model">his.rad.exam.units</field>
                        <field name="type">search</field>
                        <field name="arch" type="xml">
                                <search string="Search Rad Exam Units">

                                        <separator orientation="vertical"/>
                                            <field name="name" select="1"/>
                                            <field name="code" select="1"/>
                                <newline/>
                                </search>
                        </field>
                </record>



                <menuitem action="his_action_rad_unit" id="his_menu_radexam_unit" parent="his_conf_radiology"/>

<!-- rad requests -->

                <record model="ir.ui.view" id="his_rad_exam_request_form">
                        <field name="name">Radiology Examination Requests</field>
                        <field name="model">his.patient.rad.exam</field>
                        <field name="type">form</field>
                        <field name="arch" type="xml">
                                <form string="Examination Requests" version="7.0">
                                    <header>
                                        <button name='%(action_create_rad_test)d' type='action' string='Create Rad Test' class="oe_highlight" attrs="{'invisible':['|', ('state','!=','draft')]}"/>
                                        <button name='%(his_invoice.action_create_rad_invoice)d' type='action' string='Create Rad Invoice'  attrs="{'invisible':['|', ('invoice_status','=','invoiced')]}" class="oe_highlight"/>
                                        <field name="state" widget="statusbar"/>
                                    </header>
                                    <group colspan="6" col="6">
                                        <group colspan="4" col="4">
                                            <field name="patient_id" required="1" on_change="onchange_patient_id(patient_id)" readonly="1"
                                                   context="{'form_view_ref' : 'view_ref_custom.res_partner_form_view_ref_custom', 'tree_view_ref' : 'view_ref_custom.res_partner_tree_view_ref_custom'}"/>
                                            <newline/>
                                            <field name="lab_section_no" required="1" readonly="1"/><newline/>
                                            <field name="rad_info_no" required="1"/><newline/>
                                            <!--attrs = "{'invisible':[('lab_section_no','=','')]}"/>-->
                                            <field name="name" required="1" on_change="onchange_name(name, pricelist_id, patient_id)" readonly="1"/><newline/>
                                            <!--<field name="name" required="1" readonly="1"/>-->
                                            <field name="date"/><newline/>
                                            <field name="pricelist_id" readonly="1"/><newline/>
                                            <!--<field name="patient_status"/>-->
                                            <field name="doctor_id" readonly="1"/>
                                        </group>
                                        <group string="Total Charges" colspan="2" col="2">
                                            <h1><field name="price" nolabel="1"/></h1>
                                        </group>
                                    </group>
                                    <field name="patient_adstatus" invisible="1" colspan="2"/>
                                    <field name="with_phic" invisible="1"/>
                                    <field name="with_pdaf" invisible="1"/>
                                    <group colspan="6" col="6">
                                        <group string="Room Assigment Info" colspan="2" col="2" attrs = "{'invisible':[('patient_adstatus','=',False)]}">
                                            <field name="ward_name" colspan="2"/>
                                            <field name="bed_name" colspan="2"/>
                                        </group>
                                        <group string="Philhealth Passbook" colspan="2" col="2" attrs = "{'invisible':[('with_phic','=',False)]}">
                                            <field name="charge_to_phic" on_change="onchange_charge_to_phic(phic_balance, price, charge_to_phic)"/>
                                            <field name="phic_balance"/>
                                        </group>
                                        <group string="PDAF Sponsor" colspan="2" col="2" attrs = "{'invisible':[('with_pdaf','=',False)]}">
                                            <field name="charge_to" on_change="onchange_charge_to(charge_to)"/><newline/>
                                            <field name="sponsor_ids" invisible="1"/>
                                            <field name="partner_sponsor_id" on_change="onchange_partner_sponsor_id(partner_sponsor_id, patient_id)" attrs = "{'invisible':[('charge_to','=',False)]}"/><newline/>
                                            <field name="pdaf_balance" on_change="onchange_pdaf_balance(pdaf_balance, price, charge_to, partner_sponsor_id)" attrs = "{'invisible':[('charge_to','=',False)]}"/>
                                        </group>
                                    </group>
                                    <group string="Desired Examination" colspan="4">
                                            <field name="note" nolabel="1" colspan="4" />
                                            <newline/>
                                    </group>
                                    <group string="Complete Clinical Impression" colspan="4">
                                            <field name="impression" nolabel="1" colspan="4" />
                                            <newline/>
                                    </group>
                                </form>
                        </field>
                </record>

                <record model="ir.ui.view" id="his_rad_exam_request_tree">
                        <field name="name">Radiology Examination Requests</field>
                        <field name="model">his.patient.rad.exam</field>
                        <field name="type">tree</field>
                        <field name="arch" type="xml">
                            <tree string="Exam Requests" colors="blue:state=='draft'">
                                    <field name="name"/>
                                    <field name="price"/>
                                    <field name="date"/>
                                    <field name="patient_id"/>
                                    <field name="patient_adstatus"/>
                                    <field name="doctor_id"/>
                                    <field name="state" readonly="1"/>
                            </tree>
                        </field>
                </record>

                <record model="ir.actions.act_window" id="his_action_rad_exam_request">
                        <field name="name">All Requests</field>
                        <field name="type">ir.actions.act_window</field>
                        <field name="res_model">his.patient.rad.exam</field>
                        <field name="view_type">form</field>
                        <field name="view_mode">tree,form</field>
                </record>

                <menuitem action="his_action_rad_exam_request" id="his_menu_rad_exam_request" parent="his_rad_requests" sequence="1"/>
                
<!--Patient Rad Exam Request -->
                <record model="ir.ui.view" id="his_patient_rad_exam_request_tree">
                        <field name="name">Patient Rad Exam Requests</field>
                        <field name="model">his.patient.rad.request</field>
                        <field name="type">tree</field>
                        <field name="arch" type="xml">
                            <tree string="Patient Exam Requests">
                                <field name="patient_id"/>
                            </tree>
                        </field>
                </record>
                
                <record model="ir.ui.view" id="his_patient_rad_exam_request_search">
                        <field name="name">Patient Rad Exam Requests</field>
                        <field name="model">his.patient.rad.request</field>
                        <field name="type">search</field>
                        <field name="arch" type="xml">
                            <search string="Patient Exam Requests">
                                <field name="patient_id"/>
                            </search>
                        </field>
                </record>
                
                <record model="ir.ui.view" id="his_patient_rad_exam_request_form">
                        <field name="name">Patient Rad Exam Requests</field>
                        <field name="model">his.patient.rad.request</field>
                        <field name="type">form</field>
                        <field name="arch" type="xml">
                            <form string="Patient Exam Requests">
                                <group colspan="4">
                                    <field name="patient_id" required="1" on_change="onchange_patient_id(patient_id)"
                                           context="{'form_view_ref' : 'view_ref_custom.res_partner_form_view_ref_custom', 'tree_view_ref' : 'view_ref_custom.res_partner_tree_view_ref_custom'}"/>
                                    <field name="lab_section_no" required="1"/>
                                    <field name="date"/>
                                    <field name="pricelist_id"/>
                                    <field name="doctor_id"/>
                                </group>
                                <field name="patient_adstatus" invisible="1" colspan="2"/>
                                <group string="Room Assigment Info" colspan="4" attrs = "{'invisible':[('patient_adstatus','=',False)]}">
                                    <field name="ward_name" colspan="2"/>
                                    <field name="bed_name" colspan="2"/>
                                </group>
                                <field name="his_patient_rad_exam" attrs="{'readonly':['|', ('patient_id','=',False), ('lab_section_no','=',False)]}" nolabel="1"
                                       context="{'default_patient_id':patient_id, 'default_lab_section_no':lab_section_no, 'default_doctor_id':doctor_id}">
                                        <form>
                                            <field name="state" invisible="1"/>
                                            <field name="ward_name" colspan="2" invisible="1"/>
                                            <field name="bed_name" colspan="2" invisible="1"/>
                                            <field name="patient_adstatus" invisible="1" colspan="2"/>
                                            <field name="with_phic" invisible="1"/>
                                            <field name="with_pdaf" invisible="1"/>
                                            <group colspan="6" col="6">
                                                <group colspan="4" col="4">
                                                    <field name="patient_id" invisible="1" on_change="onchange_patient_id(patient_id)"/>
                                                    <field name="lab_section_no" invisible="1"/>
                                                    <field name="rad_info_no" required="1"/><newline/>
                                                    <!--attrs = "{'invisible':[('lab_section_no','=','')]}"/>-->
                                                    <field name="name" required="1" on_change="onchange_name(name, pricelist_id, patient_id)"/><newline/>
                                                    <field name="date" invisible="1"/>
                                                    <field name="pricelist_id"/>
                                                    <!--<field name="patient_status"/>-->
                                                    <field name="doctor_id" invisible="1"/>
                                                </group>
                                                <group string="Total Charges" colspan="2" col="2">
                                                    <h1><field name="price" nolabel="1" colspan="2"/></h1>
                                                </group>
                                            </group>
                                            <group colspan="4">
                                                
                                        </group>
                                        <group string="Desired Examination" colspan="4">
                                                <field name="note" nolabel="1" colspan="4" />
                                                <newline/>
                                        </group>
                                        <group string="Complete Clinical Impression" colspan="4">
                                                <field name="impression" nolabel="1" colspan="4" />
                                                <newline/>
                                        </group>
                                        <group>
                                            <group string="Philhealth Passbook" invisible="1">
                                                <field name="phic_balance"/>
                                            </group>
                                            <group string="PDAF Sponsor" invisible="1">
                                                <field name="charge_to"/><newline/>
                                                <field name="sponsor_ids" invisible="1"/>
                                                <field name="partner_sponsor_id" on_change="onchange_partner_sponsor_id(partner_sponsor_id, patient_id)"/><newline/>
                                                <field name="pdaf_balance"/>
                                            </group>
                                        </group>
                                        </form>
                                  <tree>
                                        <field name="name"/>
                                        <field name="price"/>
                                        <field name="state" readonly="1"/>
                                </tree>
                                    </field>
                            </form>
                        </field>
                </record>
                
                <record model="ir.actions.act_window" id="action_his_patient_rad_exam_request">
                        <field name="name">Patient Requests</field>
                        <field name="type">ir.actions.act_window</field>
                        <field name="res_model">his.patient.rad.request</field>
                        <field name="view_type">form</field>
                        <field name="view_mode">tree,form</field>
                </record>

                <menuitem action="action_his_patient_rad_exam_request" id="his_menu_patient_rad_exam_request" parent="his_rad_requests" sequence="1"/>

<!-- end -->
                <record model="ir.actions.act_window" id="his_action_draft_rad_exam_request">
                        <field name="name">Draft Requests</field>
                        <field name="type">ir.actions.act_window</field>
                        <field name="res_model">his.patient.rad.exam</field>
                        <field name="view_type">form</field>
                        <field name="view_mode">tree,form</field>
                        <field name="domain">[('state','=','draft')]</field>
                </record>

                <menuitem action="his_action_draft_rad_exam_request" id="his_menu_draft_rad_exam_request" parent="his_rad_requests" sequence="2" />

                <record model="ir.actions.act_window" id="his_action_today_draft_rad_exam_request">
                        <field name="name">Today's Draft Requests</field>
                        <field name="type">ir.actions.act_window</field>
                        <field name="res_model">his.patient.rad.exam</field>
                        <field name="view_type">form</field>
                        <field name="view_mode">tree,form</field>
                        <field name="domain">[('state','=','draft'),('date','&gt;=',time.strftime('%Y-%m-%d 00:00:01')),('date','&lt;=',time.strftime('%Y-%m-%d 23:59:59'))]</field>
                </record>

                <menuitem action="his_action_today_draft_rad_exam_request" id="his_menu_today_draft_radexam_request" parent="his_rad_requests" sequence="3" />


                <record id="view_his_rad_exam_filter" model="ir.ui.view">
                        <field name="name">Radiology Examination Requests</field>
                        <field name="model">his.patient.rad.exam</field>
                        <field name="type">search</field>
                        <field name="arch" type="xml">
                                <search string="Search Rad Exams Requests">

                                        <separator orientation="vertical"/>
                                            <field name="name" select="1" widget="selection"/>
                                            <field name="date" select="1"/>
                                            <field name="patient_id" select="1"/>
                                            <field name="doctor_id" select="1"/>
                                            <field name="state" select="1"/>
                                        <newline/>

                                </search>
                        </field>
                </record>


                <record model="ir.ui.view" id="his_rad_exam_view">
                        <field name="name">Radiology Examination</field>
                        <field name="model">his.rad.exam_type</field>
                        <field name="type">form</field>
                        <field name="arch" type="xml">
                        <form string="Radiology Examination">
                                <notebook>
                                        <page string="Main Info">
                                                <field name="name" required="1"></field>
                                                <field name="code"></field>
                                                <field name="rad_section_id" required="1"></field>
                                                <field name="product_id"/>
                                        </page>
                                        <page string="Extra Info">
                                                <field name="info"></field>
                                        </page>
                                </notebook>
                        </form>
                        </field>
                </record>

                <record model="ir.ui.view" id="his_rad_exam_tree">
                        <field name="name">Radiology Examination Types List</field>
                        <field name="model">his.rad.exam_type</field>
                        <field name="type">tree</field>
                        <field name="arch" type="xml">
                                <tree string='Radiology Examination Type'>
                                        <field name="name"></field>
                                        <field name="code"></field>
                                        <field name="rad_section_id" required="1"></field>
                                </tree>
                        </field>
                </record>

                <record model="ir.actions.act_window" id="his_rad_action_form_exam">
                                <field name="name">Types of Radiology Examination</field>
                                <field name="type">ir.actions.act_window</field>
                                <field name="res_model">his.rad.exam_type</field>
                                <field name="view_type">form</field>
                                <field name="view_id" ref="his_rad_exam_tree"/>
                </record>

                <record id="view_his_rad_rad_exam_type_search" model="ir.ui.view">
                        <field name="name">his.rad.exam_type.select</field>
                        <field name="model">his.rad.exam_type</field>
                        <field name="type">search</field>
                        <field name="arch" type="xml">
                                <search string="Search Radiology Examination Type">
                                        <separator orientation="vertical"/>
                                        <field name="name" select="1"/>
                                        <field name="code" select="1"/>
                                        <newline/>
                                </search>
                        </field>
                </record>

                <menuitem action="his_rad_action_form_exam" id="his_rad_conf_exam" parent="his_conf_radiology" />

                <record model="ir.ui.view" id="his_rad_view">
                        <field name="name">Radiology Examination</field>
                        <field name="model">his.rad</field>
                        <field name="type">form</field>
                        <field name="arch" type="xml">
                        <form string="Radiology Examination">
                                <notebook>
                                        <page string="Main Info">

                                                <field name="patient" required="1" colspan="4"
                                                context="{'form_view_ref' : 'view_ref_custom.res_partner_form_view_ref_custom', 'tree_view_ref' : 'view_ref_custom.res_partner_tree_view_ref_custom'}"></field>
                                                <newline/>
                                                <field name="name" required="1"></field>
                                                <field name="exam" required="1"></field>
                                                <newline/>
                                                <field name="staff"></field>
                                                <field name="date_analysis"></field>
                                                <newline/>
                                                <field name="requestor" required="1"></field>
                                                <field name="date_requested"></field>

                                        </page>
                                        <page string="Extra Info">
                                                <field name="results" colspan="6"></field>
                                                <newline/>
                                                <field name="diagnosis" colspan="6"></field>
                                                <newline/>
                                                <!--<field name="specimen"></field>
                                                <newline/>
                                                <field name="collection_site"></field>
                                                <newline/>
                                                <field name="collected_by"></field>
                                                <field name="date_collected"></field>
                                                <newline/>
                                                <field name="received_by"></field>
                                                <field name="date_received"></field>-->

                                        </page>
                                </notebook>
                        </form>
                        </field>
                </record>

                <record model="ir.ui.view" id="his_rad_tree">
                        <field name="name">Radiology Examination Type</field>
                        <field name="model">his.rad</field>
                        <field name="type">tree</field>
                        <field name="arch" type="xml">
                                <tree string='rad exam type'>
                                        <field name="name"></field>
                                        <field name="exam"></field>
                                        <field name="patient"></field>
                                        <field name="date_analysis"></field>
                                </tree>
                        </field>
                </record>

                <record model="ir.actions.act_window" id="his_action_tree_rad">
                        <field name="name">Radiology Examination Results</field>
                        <field name="type">ir.actions.act_window</field>
                        <field name="res_model">his.rad</field>
                        <field name="view_type">form</field>
                        <field name="view_mode">tree,form</field>
                        <field name="view_id" ref="his_rad_tree"/>
                </record>

                <menuitem action="his_action_tree_rad" id="his_action_rad_tree" parent="his_rad_main_menu" sequence="2"/>

        </data>
</openerp>
