<?xml version="1.0" ?>
<openerp>
<data>
    
                
      <record model="ir.ui.view" id="his_clinics_form_view">
        <field name="name">Clinics</field>
        <field name="model">his.clinics</field>
        <field name="type">form</field>
        <field name="arch" type="xml">
            <group colspan="6" col="6">             
                <field name="name" colspan="2"/>
                <field name="location" colspan="2"/>
                <field name="department_id" colspan="2"/>
                <field name="charity" />
            </group>
        </field>
    </record>
    
      <record model="ir.ui.view" id="his_clinics_tree_view">
        <field name="name">Clinics</field>
        <field name="model">his.clinics</field>
        <field name="type">tree</field>
        <field name="arch" type="xml">
            <tree string="Clinics" editable="top">           
                <field name="name"/>
                <field name="location"/>
                <field name="department_id"/>
                <field name="charity" />
            </tree>
        </field>
    </record>
  
    
    <record model="ir.actions.act_window" id="action_issued_his_clinics">
        <field name="name">Clinics</field>
        <field name="type">ir.actions.act_window</field>
        <field name="res_model">his.clinics</field>
        <field name="view_type">form</field>
        <field name="view_mode">tree,form</field>
        <field name="view_id" ref="his_clinics_tree_view"/>
    </record>
       <menuitem name="Clinics" icon="terp-project" action="action_issued_his_clinics" id="Clinics_menu" parent="hospital_mgmt.hospital_mgmt_configuration_menu" sequence="2"/>
   
</data>
</openerp>

