<?xml version="1.0" ?>
<openerp>
<data>
    <record model="ir.ui.view" id="his_department_section_form_view">
        <field name="name">his.department.section</field>
        <field name="model">his.department.section</field>
        <field name="type">form</field>
        <field name="arch" type="xml">
            <field name="hr_department_id"/>
            <field name="section_name"/>
            <field name="name"/>
        </field>
    </record>

    <record model="ir.ui.view" id="his_department_section_tree_view">
        <field name="name">his.department.section</field>
        <field name="model">his.department.section</field>
        <field name="type">tree</field>
        <field name="arch" type="xml">
            <tree editable="top" string="Department Section">
                <field name="hr_department_id" required="1"
                       context="{'default_lab_rad_section':True,
                                'form_view_ref' : 'view_ref_custom.his_department_section_form_view_ref_custom'}"/>
                <field name="section_name"/>
                <field name="name"/>
            </tree>
        </field>
    </record>

    <record id="his_department_section_search_view" model="ir.ui.view">
        <field name="name">his.department.section</field>
        <field name="model">his.department.section</field>
        <field name="type">search</field>
        <field name="arch" type="xml">
            <search>
                <field name="hr_department_id" widget="selection" domain="[('lab_rad_section','=',True)]"/>
                <field name="section_name"/>
                <field name="name"/>
            </search>
        </field>
     </record>

     <record model="ir.actions.act_window" id="action_his_department_section_view">
        <field name="name">Department Section</field>
        <field name="type">ir.actions.act_window</field>
        <field name="res_model">his.department.section</field>
        <field name="view_type">form</field>
        <field name="view_mode">tree,form</field>
        <field name="search_view_id" ref="his_department_section_search_view"/>
        <field name="view_id" ref="his_department_section_tree_view"/>
    </record>


    <menuitem name="Lab/Rad Sections" id="dept_section_menu" parent="hr.menu_hr_configuration" action="action_his_department_section_view" sequence="10"/>

    <record model="ir.ui.view" id="hr_dept_normal_form_view1">
        <field name="name">HR Department Custom</field>
        <field name="model">hr.department</field>
        <field name="inherit_id" ref="hr.view_department_form" />
        <field name="type">form</field>
        <field name="arch" type="xml">
            <field name="parent_id" position="after">
                <newline/>
                <group col="2" colspan="3" string="Options">
                  <field name="medic_sec" on_change="onchange_medic_sec(medic_sec)"/>
                  <field name="nurse_station" on_change="onchange_nurse_station(nurse_station)"/>
                  <field name="lab_rad_section" on_change="onchange_lab_rad_section(lab_rad_section)"/>
                </group>
                <group col="2" colspan="3">
                    <group col="2" colspan="3" string="Medical Section Options" attrs="{'invisible':[('medic_sec','=', False )]}">
                      <field name="charity"/>
                      <field name="dept_group" attrs="{'required':[('medic_sec','=', True )]}"/>
                    </group>
                    <group col="2" colspan="3" string="Laboratory/Radiology Options" attrs="{'invisible':[('lab_rad_section','=', False )]}">
                      <field name="section_group" attrs="{'required':[('lab_rad_section','=', True )]}"/>
                    </group>
                    <group col="2" colspan="3" string="Ecart" attrs="{'invisible':[('nurse_station','=', False )]}">
                      <field name="nurse_partner_id"
                      context="{'default_customer':False, 'default_supplier':False, 'default_nurse_station':True,
                                'form_view_ref' : 'view_ref_custom.res_partner_ecart_form_view_ref_custom',
                                'tree_view_ref' : 'view_ref_custom.res_partner_tree_view_ref_custom'}"
                      domain="[('nurse_station','=', True)]" attrs="{'required':[('nurse_station','=', True )]}"/>
                    </group>
                </group>
            </field>
            <!--<newline/>
            <field name="his_department_section_id" widget="one2many_list" nolabel="1"/>-->
        </field>
    </record>

</data>
</openerp>
