<?xml version="1.0" ?>
<openerp>
<data>

    <record model="ir.ui.view" id="res_users_custom_inherit">
        <field name="name">User Custom</field>
        <field name="model">res.users</field>
        <field name="inherit_id" ref="base.view_users_form" />
        <field name="type">form</field>
        <field name="arch" type="xml">
            <field name="active" position="before">
                <field name="pharmacist" on_change="onchange_pharmacist(pharmacist)"/>
                <field name="nurse" on_change="onchange_nurse(nurse)"/>
            </field>
            <group name="preferences" position="inside">
                <field name="shop_id" on_change="onchange_shop_id(shop_id)" attrs="{ 'invisible': [('pharmacist','=',False), ('nurse','=',False)]}"/>
                <field name="secondary_shop_id" attrs="{ 'invisible': ['|', ('nurse','=',False), ('pharmacist','=',False), '|', ('shop_id','=',False)]}"/>
                <field name="job_id" widget="selection"/>
            </group>
        </field>
    </record>
    
    <record model="ir.ui.view" id="sale_shop_custom_inherit">
        <field name="name">Shop Custom</field>
        <field name="model">sale.shop</field>
        <field name="inherit_id" ref="sale.view_shop_form" />
        <field name="type">form</field>
        <field name="arch" type="xml">
            <xpath expr="//group[@name='shop']" position="before">
                <label for="parent_shop_id" string="Parent Shop" class="oe_edit_only"/>
                <h2><field name="parent_shop_id"/></h2>
            </xpath>
            <xpath expr="//group[@name='shop']" position="after">
                <group>
                    <field name="nurse_station"/>
                </group>
                <newline/>
                <group string="Services" colspan = '2' col = '2' attrs="{'invisible':[('nurse_station','=',True)]}">
                    <field name="phic_passbook" on_change="onchange_phic_passbook(phic_passbook)"/>
                    <field name="phic_passbook_auto" attrs="{ 'invisible': [('phic_passbook','=',False)]}"/>
                    <newline/>
                    <field name="whitecard"/>
                    <newline/>
                    <field name="pdaf"/>
                    <newline/>
                    <field name="ecart"/>
                    <newline/>
                    <field name="caap"/>
                </group>
                <group string="Default Customer's" colspan = '2' col = '2' attrs="{'invisible':[('nurse_station','=',True)]}">
                    <field name="walk_in"/>
                </group>
            </xpath>
        </field>
    </record>

</data>
</openerp>
