<?xml version="1.0" ?>
<openerp>
<data>
    
                
      <record model="ir.ui.view" id="his_socialservicesclass_form_view">
        <field name="name">Social Services Classification</field>
        <field name="model">his.social_services_class</field>
        <field name="type">form</field>
        <field name="arch" type="xml">
            <group colspan="6" col="6">             
                <field name="name" colspan="2"/>
                <field name="ssc_desc" colspan="2"/>
                <field name="pay" colspan="2"/>
            </group>
        </field>
    </record>
    
      <record model="ir.ui.view" id="his_socialservicesclass_tree_view">
        <field name="name">Social Services Classification</field>
        <field name="model">his.social_services_class</field>
        <field name="type">tree</field>
        <field name="arch" type="xml">
            <tree editable='top' string="Social Services Classification">           
                <field name="name"/>
                <field name="ssc_desc"/>
                <field name="pay"/>
                <field name="charity"/>
                <field name="with_credit"/>
                <field name="group"/>
            </tree>
        </field>
    </record>
  
    
    <record model="ir.actions.act_window" id="action_issued_his_socialservicesclass">
        <field name="name">Social Services Classification</field>
        <field name="type">ir.actions.act_window</field>
        <field name="res_model">his.social_services_class</field>
        <field name="view_type">form</field>
        <field name="view_mode">tree,form</field>
        <field name="view_id" ref="his_socialservicesclass_tree_view"/>
    </record>
       <menuitem name="Social Services Classification" icon="terp-project" action="action_issued_his_socialservicesclass" id="social_services_class_menu" parent="hospital_mgmt.hospital_mgmt_configuration_menu" sequence="5"/>
   
</data>
</openerp>

