<?xml version="1.0" encoding="utf-8"?>
<!--
##############################################################################
#
#    Harmoni HIS
#    Copyright (C) 2013 onwards Electronic Health Records International (<http://ehrinternational.com>).
#    By: Edwin N. Gonzales, EHRI-CTO and Jaynar L. Santos, EHRI-Senior Programmer
#    All Rights Reserved
#    $Id$
#
#    This program is free software: you can redistribute it and/or modify
#    it under the terms of the GNU General Public License as published by
#    the Free Software Foundation, either version 3 of the License, or
#    (at your option) any later version.
#
#    This program is distributed in the hope that it will be useful,
#    but WITHOUT ANY WARRANTY; without even the implied warranty of
#    MERCHANTABILITY or FITNESS FOR A PARTICULAR PURPOSE.  See the
#    GNU General Public License for more details.
#
#    You should have received a copy of the GNU General Public License
#    along with this program.  If not, see <http://www.gnu.org/licenses/>.
#
##############################################################################
-->
<openerp>
    <data>  
        <record model="ir.ui.view" id="list_of_hmo_form_view">
            <field name="name">HMO Partner</field>
            <field name="model">res.partner</field>
            <field name="type">form</field>
            <field name="priority" eval="30" />
            <field name="arch" type="xml" >
                <form string="HMO Partner" version="7.0">
                    <field name="hmo_partner" invisible="1"/>
                    <field name="image" widget='image' class="oe_avatar oe_left" options='{"preview_image": "image_medium"}' nolabel="1"/>
                    <group colspan="6" col="6">
                        <div class="eo_title">
                            <label for="ref" string="HMO Partner No."/>
                            <h1><field name="ref" required="1"/></h1>
                        </div>
                        <newline/>
                        <div class="eo_title" colspan="2">
                            <label for="name" string="Name"/>
                            <h1><field name="name"/></h1>
                        </div>
                        <label string=" "/>
                    </group>
                        <!--<field mode="form,tree" name="address" nolabel="1" colspan="6">
                            <form>-->
                                <group string="Postal Address" colspan="6" col="8">
                                    <field name="country_id"/>
                                    <field name="state_id" string="Province"/>
                                    <newline />
                                    <field name="street"/>
                                    <field name="city" string="Town/City"/>
                                </group>
                            <!--</form>
                            <tree>
                                <field name="street"/>
                                <field name="city" string="Town/City"/>
                                <field name="state_id" string="Province"/>
                                <field name="country_id"/>
                            </tree>
                        </field>-->
                </form>
            </field>
        </record>
        
        <record model="ir.ui.view" id="list_of_hmo_tree_view">
            <field name="name">HMO Partner</field>
            <field name="model">res.partner</field>
            <field name="type">tree</field>
            <field name="priority" eval="100" />
            <field name="arch" type="xml" >
                <tree string="HMO Partner">
                    <field name="ref" string="HMO Partner No."/>
                    <field name="name" string="Name"/>
                </tree>
            </field>
        </record>
        
        <record model="ir.ui.view" id="list_of_hmo_search_view">
            <field name="name">HMO Partner</field>
            <field name="model">res.partner</field>
            <field name="type">search</field>
            <field name="arch" type="xml">
                <search string="HMO Partner">
                    <field name="ref" string="HMO Partner No."/>
                    <field name="name" string="Name"/>
                </search>
            </field>
          </record>

        <record model="ir.actions.act_window" id="action_list_of_hmo_view">
            <field name="name">List of HMO Partner</field>
            <field name="type">ir.actions.act_window</field>
            <field name="res_model">res.partner</field>
            <field name="view_type">form</field>
            <field name="view_mode">tree,form</field>
            <field name="search_view_id" ref="list_of_hmo_search_view"/>
            <field name="context">{'default_customer': 0, 'default_hmo_partner': 1}</field>
            <field name="domain">[('hmo_partner','=',1)]</field>
       </record>
       
       <record model="ir.actions.act_window.view" id="action_list_of_hmo_tree_view">
            <field name="view_mode">tree</field>
            <field name="view_id" ref="list_of_hmo_tree_view"/>
            <field name="act_window_id" ref="action_list_of_hmo_view"/>
       </record>
       
       <record model="ir.actions.act_window.view" id="action_list_of_hmo_form_view">
            <field name="view_mode">form</field>
            <field name="view_id" ref="list_of_hmo_form_view"/>
            <field name="act_window_id" ref="action_list_of_hmo_view"/>
       </record>
            
        <menuitem name="HMO Partner" icon="terp-project" id="hmo_menu" parent="hospital_mgmt.hospital_management_menu" sequence="4"/>
        <menuitem name="Enrolment" string="List of HMO Partner" icon="terp-project" id="hmo_enrolment_menu" parent="hmo_menu" action="action_list_of_hmo_view" sequence="1"/>
            
    </data>
</openerp>

