id,name,model_id:id,group_id:id,perm_read,perm_write,perm_create,perm_unlink
access_his_lab,his.lab,model_his_lab,medical.group_medical_user,1,1,1,1
access_his_lab_test_units,his.lab.test.units,model_his_lab_test_units,medical.group_medical_user,1,1,1,1
access_his_test_critearea,his.lab.test_critearea,model_his_lab_test_critearea,medical.group_medical_user,1,1,1,1
access_his_test_type,his.lab.test_type,model_his_lab_test_type,medical.group_medical_user,1,1,1,1
access_his_patient_lab_test,his.patient.lab.test,model_his_lab_patient_lab_test,medical.group_medical_user,1,1,1,1
