﻿<?xml version="1.0" ?>
<openerp>
    <data>

<!-- Laboratory Invoice -->
        <menuitem name="Laboratory Invoice" id="his_lab_invoice" parent="his_laboratory.his_lab_main_menu" sequence="3"/>

        <menuitem name="Invoices" id="his_invoice_menu" parent="his_lab_invoice" sequence="1"/>
    
        <record model="ir.actions.act_window" id="his_action_tobeinvoiced_labtest_request">
            <field name="name">Lab Requests to be invoiced</field>
            <field name="type">ir.actions.act_window</field>
            <field name="res_model">his.patient.lab.test</field>
            <field name="view_type">form</field>
            <field name="view_mode">tree,form</field>
            <field name="domain">[('invoice_status','=','tobe')]</field>
        </record>
        
        <record model="ir.ui.view" id="his_lab_test_request_form_custom">
            <field name="name">his.patient.lab.test</field>
            <field name="model">his.patient.lab.test</field>
            <field name="inherit_id" ref="his_laboratory.his_lab_test_request_form" />
            <field name="type">form</field>
            <field name="arch" type="xml">
                <field name="patient_id" position="after">
                        <field name="invoice_status"/>
                </field>
            </field>
        </record>
    
        <menuitem action="his_action_tobeinvoiced_labtest_request" id="his_tobeinvoiced_labtest_request" parent="his_lab_invoice" sequence="1"/>

        <record model="ir.actions.act_window" id="his_action_today_tobeinvoiced_labtest_request">
            <field name="name">Today's Lab Requests to be invoiced</field>
            <field name="type">ir.actions.act_window</field>
            <field name="res_model">his.patient.lab.test</field>
            <field name="view_type">form</field>
            <field name="view_mode">tree,form</field>
            <field name="domain">[('invoice_status','=','tobe'),('date','&gt;=',time.strftime('%Y-%m-%d 00:00:01')),('date','&lt;=',time.strftime('%Y-%m-%d 23:59:59'))]</field>
        </record>
        
        <menuitem action="his_action_today_tobeinvoiced_labtest_request" id="his_today_tobeinvoiced_labtest_request" parent="his_lab_invoice" sequence="2"/>

<!-- Radiology Invoice -->
        <menuitem name="Radiology Invoice" id="his_rad_invoice" parent="his_radiology.his_rad_main_menu" sequence="3"/>

        <menuitem name="Invoices" id="his_rad_invoice_menu" parent="his_rad_invoice" sequence="1"/>
    
        <record model="ir.actions.act_window" id="his_action_tobeinvoiced_radexam_request">
            <field name="name">Rad Requests to be invoiced</field>
            <field name="type">ir.actions.act_window</field>
            <field name="res_model">his.patient.rad.exam</field>
            <field name="view_type">form</field>
            <field name="view_mode">tree,form</field>
            <field name="domain">[('invoice_status','=','tobe')]</field>
        </record>
        
        <record model="ir.ui.view" id="his_rad_exam_request_form_custom">
            <field name="name">his.patient.rad.exam</field>
            <field name="model">his.patient.rad.exam</field>
            <field name="inherit_id" ref="his_radiology.his_rad_exam_request_form" />
            <field name="type">form</field>
            <field name="arch" type="xml">
                <field name="patient_id" position="after">
                        <field name="invoice_status"/>
                </field>
            </field>
        </record>
        
        <menuitem action="his_action_tobeinvoiced_radexam_request" id="his_tobeinvoiced_radexam_request" parent="his_rad_invoice" sequence="1"/>

        <record model="ir.actions.act_window" id="his_action_today_tobeinvoiced_radexam_request">
            <field name="name">Today's Rad Requests to be invoiced</field>
            <field name="type">ir.actions.act_window</field>
            <field name="res_model">his.patient.rad.exam</field>
            <field name="view_type">form</field>
            <field name="view_mode">tree,form</field>
            <field name="domain">[('invoice_status','=','tobe'),('date','&gt;=',time.strftime('%Y-%m-%d 00:00:01')),('date','&lt;=',time.strftime('%Y-%m-%d 23:59:59'))]</field>
        </record>
        
        <menuitem action="his_action_today_tobeinvoiced_radexam_request" id="his_today_tobeinvoiced_radexam_request" parent="his_rad_invoice" sequence="2"/>

    </data>
    
</openerp>
