<?xml version="1.0" encoding="utf-8"?>
<openerp>
<data noupdate="0">

    <record id="his_pos_nurse_station.security" model="res.groups">
        <field name="name">POS Nurse Station - Pharmacy</field>
    </record>
    
    <record id="his_pos_nurse_station.security_nurse" model="res.groups">
        <field name="name">POS Nurse Station</field>
    </record>
    
    <record id="his_pos_nurse_station.charity" model="res.groups">
        <field name="name">Charity Pharmacy</field>
    </record>

</data>
</openerp>
