<?xml version="1.0" encoding="utf-8"?>
<openerp>
<data noupdate="0">

  <record id="group_hospbill_user" model="res.groups">
    <field name="name">Hospital Billing Group</field>
  </record>

  <record id="group_hospbill_PHIC_pathology" model="res.groups">
    <field name="name">Hospital Billing PHIC Configuration (Pathology)</field>
  </record>
	
  <record id="group_hospbill_pharma_bill" model="res.groups">
    <field name="name">Hospital Billing Pharmacy Processing</field>
  </record>

 	<record model='ir.ui.menu' id='hospbill_phic_conf_menu'>
		<field name="groups_id" eval="[(6,0,[ref('group_hospbill_user')]),(6,0,[ref('group_hospbill_PHIC_pathology')])]"/>
	</record>

	<record model='ir.ui.menu' id='hospbill_phic_conf_partner'>
		<field name="groups_id" eval="[(6,0,[ref('group_hospbill_user')])]"/>
	</record>

	<record model='ir.ui.menu' id='hospbill_phic_conf_casetypes'>
		<field name="groups_id" eval="[(6,0,[ref('group_hospbill_user')])]"/>
	</record>

	<record model='ir.ui.menu' id='hospbill_phic_conf_covered_prods'>
		<field name="groups_id" eval="[(6,0,[ref('group_hospbill_user')]),(6,0,[ref('group_hospbill_PHIC_pathology')])]"/>
	</record>

	<record model='ir.ui.menu' id='hospbill_phic_conf_operatingroom'>
		<field name="groups_id" eval="[(6,0,[ref('group_hospbill_user')])]"/>
	</record>

	<record model='ir.ui.menu' id='hospbill_phic_conf_surgery'>
		<field name="groups_id" eval="[(6,0,[ref('group_hospbill_user')])]"/>
	</record>

	<record model='ir.ui.menu' id='hospbill_phic_conf_proc_rvu'>
		<field name="groups_id" eval="[(6,0,[ref('group_hospbill_user')])]"/>
	</record>

	<record model='ir.ui.menu' id='hospbill_phic_conf_pathology'>
		<field name="groups_id" eval="[(6,0,[ref('group_hospbill_user')])]"/>
	</record>

	<record model='ir.ui.menu' id='hospbill_phic_conf_packages'>
		<field name="groups_id" eval="[(6,0,[ref('group_hospbill_user')])]"/>
	</record>

	<record model='ir.ui.menu' id='hospbill_hmo_conf_partner'>
		<field name="groups_id" eval="[(6,0,[ref('group_hospbill_user')])]"/>
	</record>

	<record model='ir.ui.menu' id='hospbill_hmo_billing'>
		<field name="groups_id" eval="[(6,0,[ref('group_hospbill_user')])]"/>
	</record>

 	<record model='ir.ui.menu' id='hospbill_hmo_opd_soa_report'>
		<field name="groups_id" eval="[(6,0,[ref('group_hospbill_user')])]"/>
	</record> 

 	<record model='ir.ui.menu' id='hospbill_soa_menu'>
		<field name="groups_id" eval="[(6,0,[ref('group_hospbill_user')])]"/>
	</record> 

 	<record model='ir.ui.menu' id='hospbill_soa_reports_menu'>
		<field name="groups_id" eval="[(6,0,[ref('group_hospbill_user')])]"/>
	</record> 

 	<record model='ir.ui.menu' id='hospbill_phic_claims_menu'>
		<field name="groups_id" eval="[(6,0,[ref('group_hospbill_user')])]"/>
	</record> 

 	<record model='ir.ui.menu' id='hospbill_oth_config_menu'>
		<field name="groups_id" eval="[(6,0,[ref('group_hospbill_user')])]"/>
	</record> 

</data>
</openerp>
