id,name,model_id:id,group_id:id,perm_read,perm_write,perm_create,perm_unlink
access_hospbill_phic_partner,hospbill.phic_partner,model_hospbill_phic_partner,group_hospbill_user,1,1,1,1
access_hospbill_phic_casetypes,hospbill.phic_casetypes,model_hospbill_phic_casetypes,group_hospbill_user,1,1,1,1
access_hospbill_phic_pathology_covered_prods,hospbill.phic_pathology_covered_prods,model_hospbill_phic_pathology_covered_prods,group_hospbill_user,1,1,1,1
access_hospbill_phic_pathology_covered_prods_2,hospbill.phic_pathology_covered_prods_2,model_hospbill_phic_pathology_covered_prods,group_hospbill_PHIC_pathology,1,1,1,1
access_hospbill_phic_covered_prods,hospbill.phic_covered_prods,model_hospbill_phic_covered_prods,group_hospbill_user,1,1,1,1
access_hospbill_phic_covered_prods_2,hospbill.phic_covered_prods_2,model_hospbill_phic_covered_prods,group_hospbill_PHIC_pathology,1,1,1,1
access_hospbill_phic_roomboard_cat,hospbill.phic_roomboard_cat,model_hospbill_phic_roomboard_cat,group_hospbill_user,1,1,1,1
access_hospbill_phic_drugsmeds_cat,hospbill.phic_drugsmeds_cat,model_hospbill_phic_drugsmeds_cat,group_hospbill_user,1,1,1,1
access_hospbill_phic_xraylabsupp_cat,hospbill.phic_xraylabsupp_cat,model_hospbill_phic_xraylabsupp_cat,group_hospbill_user,1,1,1,1
access_hospbill_phic_pfgp_cat,hospbill.phic_pfgp_cat,model_hospbill_phic_pfgp_cat,group_hospbill_user,1,1,1,1
access_hospbill_phic_pfsp_cat,hospbill.phic_pfsp_cat,model_hospbill_phic_pfsp_cat,group_hospbill_user,1,1,1,1
access_hospbill_phic_operatingroom,hospbill.phic_operatingroom,model_hospbill_phic_operatingroom,group_hospbill_user,1,1,1,1
access_hospbill_phic_operatingroom_cat,hospbill.phic_operatingroom_cat,model_hospbill_phic_operatingroom_cat,group_hospbill_user,1,1,1,1
access_hospbill_phic_operatingroom_amt,hospbill.phic_operatingroom_amt,model_hospbill_phic_operatingroom_amt,group_hospbill_user,1,1,1,1
access_hospbill_phic_surgery,hospbill.phic_surgery,model_hospbill_phic_surgery,group_hospbill_user,1,1,1,1
access_hospbill_phic_surgery_cat,hospbill.phic_surgery_cat,model_hospbill_phic_surgery_cat,group_hospbill_user,1,1,1,1
access_hospbill_hmo_billing,hospbill.hmo_opd_soa,model_hospbill_hmo_opd_soa,group_hospbill_user,1,1,1,1
access_hospbill_inpatient_billing,hospbill.inpac_soa,model_hospbill_inpac_soa,group_hospbill_user,1,1,1,1
