<data><record><id>1</id><Age-age>age</Age-age><Date_of_Birth-birthdate>2009-12-31 00:00:00</Date_of_Birth-birthdate><Date_of_Death-deathdate>2009-12-31 00:00:00</Date_of_Death-deathdate><Insurance-insurance_coy>insurance_coy</Insurance-insurance_coy><Insurance_ID-insurance_id>12345</Insurance_ID-insurance_id><Middle_Name-middlename>middlename</Middle_Name-middlename><Patient_Name-name>name</Patient_Name-name><PIN-pin>12345</PIN-pin><Reference-reference>reference</Reference-reference><User-User><id>1</id><Home_Action-action_id/><Active-active>active</Active-active><Address-address_id/><Company-company_id/><Companies-company_ids/><Language-context_lang>context_lang</Language-context_lang><Timezone-context_tz>context_tz</Timezone-context_tz><Last_Connection-date>2009-12-31 12:34:56</Last_Connection-date><E_mail-email>email</E_mail-email><Groups-groups_id/><Login-login>login</Login-login><Menu_Action-menu_id/><Menu_Tips-menu_tips>menu_tips</Menu_Tips-menu_tips><User_Name-name>name</User_Name-name><Change_password-new_password>new_password</Change_password-new_password><Password-password>password</Password-password><Signature-signature>signature</Signature-signature><Email-user_email>user_email</Email-user_email><Interface-view>view</Interface-view></User-User></record></data>