<?xml version="1.0" ?>
<openerp>
<data>	
	<record model="ir.ui.view" id="white_card_config_form_view">
		<field name="name">White Card Privilege</field>
		<field name="model">white.card.config</field>
		<field name="type">form</field>
        <field name="arch" type="xml">
			<form string="White Card Privilege">	
				<field name="date"/>
				<field name="amount"/>
			</form>
        </field>
	</record>
	
	<record model="ir.ui.view" id="white_card_config_tree_view">
		<field name="name">White Card Privilege</field>
		<field name="model">white.card.config</field>
		<field name="type">tree</field>
        <field name="arch" type="xml">
			<tree string="White Card Privilege" editable="top">	
				<field name="date"/>
				<field name="amount"/>
			</tree>
        </field>
	</record>
	
	<record model="ir.actions.act_window" id="action_white_card_config">
		<field name="name">Configuration</field>
		<field name="type">ir.actions.act_window</field>
		<field name="res_model">white.card.config</field>
		<field name="view_type">form</field>
		<field name="view_mode">form,tree</field>
		<field name="view_id" ref="white_card_config_tree_view"/>
	</record>
		
	
	<menuitem id="white_card_config_menu" parent="white_card_menu" action="action_white_card_config" sequence="4"/>
        
</data>
</openerp>

