<?xml version="1.0" ?>
<openerp>
<data>
        <menuitem name="White Card" icon="terp-project" id="white_card_menu" parent="hospital_mgmt.hospital_management_menu" sequence="2"/>
                
    <record id="white_card_search_view" model="ir.ui.view">
        <field name="name">White Card Priviledge</field>
        <field name="model">white.card</field>
        <field name="type">search</field>
        <field name="arch" type="xml">
            <search string="White Card">
                <filter string="Active" name="active" icon="terp-camera_test" domain="[('active','=',True)]"/>
                <filter string="Inactive" icon="STOCK_STOP" domain="[('active','=',False)]"/>
                <newline/>
                <field name="name"/>
                <field name="card_number"/>
            </search>
        </field>
    </record> 
      
    <record model="ir.ui.view" id="white_card_form_view">
        <field name="name">White Card Priviledge</field>
        <field name="model">white.card</field>
        <field name="type">form</field>
        <field name="arch" type="xml">
            <group colspan="6" col="6">                             
                <field name="name" string="Patient Name" widget="selection" domain="[('customer', '=', 1),('admitted','=',1),('charity','=',1)]"
                    on_change="onchange_patient_name(name)" colspan='4'/>
                <field name="active"/>
                <newline />
                <field name="card_number"/>
                <field name="date_issued" on_change="onchange_calculer(date_issued)" />
                <field name="date_expire"/>
                <field name="amount"/>
                <field name="balance"/>
                <field name="state"/>
            </group>
        </field>
    </record>
        
    <record model="ir.ui.view" id="white_card_tree_view">
        <field name="name">White Card Priviledge</field>
        <field name="model">white.card</field>
        <field name="type">tree</field>
        <field name="arch" type="xml">
            <field name="name"/>
            <field name="card_number"/>
            <field name="date_issued"/>
            <field name="date_expire"/>
            <field name="amount"/>
            <field name="balance"/>
            <field name="state"/>
            <field name="active"/>
        </field>
    </record>
        
    <record model="ir.actions.act_window" id="action_issued_white_cards">
        <field name="name">Issued White Cards</field>
        <field name="type">ir.actions.act_window</field>
        <field name="res_model">white.card</field>
        <field name="view_type">form</field>
        <field name="view_mode">tree,form</field>
        <field name="context">{"search_default_active":1,"active_test": False}</field>
        <field name="domain">[]</field>
        <field name="search_view_id" ref="white_card_search_view"/>
        <field name="view_id" ref="white_card_tree_view"/>
    </record>
                
        
    <menuitem name="Issued White Cards" icon="terp-project" id="issued_white_card_menu" parent="white_card_menu" action="action_issued_white_cards" sequence="3"/>
    
    
    <record id="white_card_ss_class_search_view" model="ir.ui.view">
        <field name="name">Social Services Classification</field>
        <field name="model">his.admission</field>
        <field name="type">search</field>
        <field name="arch" type="xml">
            <search>
                <field name="name"/>
                <field name="admission_no"/>
            </search>
        </field>
    </record> 
      
    <record model="ir.ui.view" id="white_card_ss_class_form_view">
        <field name="name">Social Services Classification</field>
        <field name="model">his.admission</field>
        <field name="type">form</field>
        <field name="priority" eval="150"/>
        <field name="arch" type="xml">
            <form string="Social Services Classification">                          
                <field name="name" string="Patient Name" widget="selection" domain="[('customer', '=', 1),('admitted','=',1),('charity','=',1)]" readonly="True"/>
                <field name="class_type" domain="[('pay', '=', 0)]"/>
            </form>
        </field>
    </record>
        
    <record model="ir.ui.view" id="white_card_ss_class_tree_view">
        <field name="name">Social Services Classification</field>
        <field name="model">his.admission</field>
        <field name="type">tree</field>
        <field name="priority" eval="150"/>
        <field name="arch" type="xml">
            <tree string="Social Services Classification">
                <field name="admission_no" />
                <field name="name" />
                <field name="date_admitted" />
                <field name="class_type" />
                <field name="state" />
            </tree>
        </field>
    </record>
        
    <record model="ir.actions.act_window" id="action_white_card_ss_class_view">
        <field name="name">Social Services Classification</field>
        <field name="type">ir.actions.act_window</field>
        <field name="res_model">his.admission</field>
        <field name="view_type">form</field>
        <field name="view_mode">tree,form</field>
        <field name="domain">[('charity','=',True),('state','=','Admitted')]</field>
        <field name="search_view_id" ref="white_card_ss_class_search_view"/>
    </record>
   
    <record model="ir.actions.act_window.view" id="action_white_card_ss_class_tree_view">
        <field name="view_mode">tree</field>
        <field name="view_id" ref="white_card_ss_class_tree_view"/>
        <field name="act_window_id" ref="action_white_card_ss_class_view"/>
    </record>
   
    <record model="ir.actions.act_window.view" id="action_white_card_ss_class_form_view">
        <field name="view_mode">form</field>
        <field name="view_id" ref="white_card_ss_class_form_view"/>
        <field name="act_window_id" ref="action_white_card_ss_class_view"/>
    </record>
                
        
    <menuitem name="Social Services Classification" id="white_card_ss_class_menu" parent="white_card_menu" action="action_white_card_ss_class_view" sequence="2"/>
 
</data>
</openerp>

