<?xml version="1.0" encoding="utf-8"?>
<openerp>
    <data noupdate="1">
      
        <!-- Sequences for lab test report -->
        <record id="seq_type_his_lab_test" model="ir.sequence.type">
            <field name="name">Laboratory Test</field>
            <field name="code">his.lab</field>
        </record>
        <record id="seq_his_lab_test" model="ir.sequence">
            <field name="name">Laboratory Test</field>
            <field name="code">his.lab</field>
            <field name="prefix">LAB</field>
            <field name="padding">3</field>
        </record>        
    </data>
</openerp>
