<?xml version="1.0" encoding="utf-8"?>
<openerp>
    <data>
        <record model="ir.ui.view" id="product_finder_tree_view">
            <field name="name">product_finder.tree</field>
            <field name="model">product.product</field>
            <field name="type">tree</field>
            <field name="arch" type="xml">
                <tree string="Products">
                    <field name="brand"/>
                    <field name="name"/>
                    <field name="dosage"/>
                    <field name="qty_available" string="Quantity"/>
                    <field name="lst_price" string="Price"/>
                </tree>
            </field>
        </record>

        <record id="view_product_finder" model="ir.ui.view">
        <field name="name">product_finder.search</field>
        <field name="model">product.product</field>
        <field name="type">search</field>
        <field name="arch" type="xml">
          <search string="Products">
              <field name="brand" widget="selection" groups="base.group_extended"/>
              <field name="name"/>
          </search>
        </field>
      </record>

        <record model="ir.actions.act_window" id="action_product_finder_form">
            <field name="name">Products</field>
            <field name="type">ir.actions.act_window</field>
            <field name="res_model">product.product</field>
            <field name="view_type">form</field>
            <field name="search_view_id" ref="view_product_finder"/>
            <field name="view_id" ref="product_finder_tree_view"/>
        </record>

        <menuitem name="Search Products" icon="terp-project" id="product_finder_menu" action="action_product_finder_form"
            web_icon="images/search_product.png"
            web_icon_hover="images/search_product_hover.png"/>
    </data>
</openerp>
