<?xml version="1.0" ?>
<openerp>
<data>
    
      <record model="ir.ui.view" id="room_product_template_custom">
        <field name="name">Product Custom - Room</field>
        <field name="model">product.category</field>
        <field name="inherit_id" ref="product.product_category_form_view" />
        <field name="type">form</field>
        <field name="arch" type="xml">
            <field name="type" position="after">
                <group col="4" colspan="2">
                  <field name="bed"/>
                  <field name="with_bed"/>
                </group>
            </field>
        </field>
    </record>
                
      <record model="ir.ui.view" id="his_ward_form_view">
        <field name="name">Ward</field>
        <field name="model">his.ward</field>
        <field name="type">form</field>
        <field name="arch" type="xml">
        <form string="Ward">
            <group colspan="6" col="6">             
            <newline/>
                <field name="with_bed" colspan="2" on_change="onchange_with_bed(with_bed)"/>
                <newline/>
                <field name="name" colspan="2" context="{'default_bed':True, 'default_with_bed':with_bed}"/>
                <field name="group" colspan="2" attrs="{'invisible': [('with_bed','=',True)]}"/>
                <newline/>
                <separator colspan="6"/>
                <newline/>
                <field name="beds" widget='one2many_list' nolabel='1' colspan="6" attrs="{'invisible': [('with_bed','=',False)]}"
                        domain="[('bed_no','=',active_id)]" context="{'bed_no':active_id}">
                    <tree>
                        <field name="name"/>
                        <field name="bed_desc"/>
                        <field name="state"/>
                    </tree>
                    <form> 
                        <field name="bed_no" colspan="2" on_change="onchange_bed_no(bed_no)" invisible="1"/>
                        <newline/>
                        <field name="ward_categ_id" colspan="2" invisible="1"/>
                        <newline/>
                        <field name="name" colspan="2"
                               context="{'default_purchase_ok':0, 'default_sale_ok':0, 'default_type':'service', 'default_categ_id':ward_categ_id}"/>
                        <newline/>
                        <field name="bed_type" colspan="2"/>
                        <newline/>
                        <field name="bed_desc" colspan="2"/>
                        <newline/>
                        <field name="state"/>
                        <newline/>
                        <field name="notes" states='Under Maintainance' colspan="2"/>
                        <newline/>
                        <separator colspan="6" />
                    </form>
                </field>
            </group>
        </form>
        </field>
    </record>
    
    <record model="ir.ui.view" id="his_bed_form_view">
        <field name="name">Bed</field>
        <field name="model">his.bed</field>
        <field name="type">form</field>
        <field name="arch" type="xml">
        <form string="Bed">
            <group colspan="6" col="6">
                <field name="name" colspan="2"/>
                <newline/>
                <field name="bed_type" colspan="2"/>
                <newline/>
                <field name="bed_desc" colspan="2"/>
                <newline/>
                <field name="state"/>
                <newline/>
                <field name="notes" states='Under Maintenance' colspan="2"/>
                <newline/>
                <separator colspan="6" />
            </group>
        </form>
        </field>
    </record>
    
      <record model="ir.ui.view" id="his_ward_tree_view">
        <field name="name">Ward</field>
        <field name="model">his.ward</field>
        <field name="type">tree</field>
        <field name="arch" type="xml">
            <tree string="Ward">             
                <field name="name"/>
                
            </tree>
        </field>
    </record>
  
    
    <record model="ir.actions.act_window" id="action_issued_his_wards">
        <field name="name">Ward</field>
        <field name="type">ir.actions.act_window</field>
        <field name="res_model">his.ward</field>
        <field name="view_type">form</field>
        <field name="view_mode">tree,form</field>
        <field name="view_id" ref="his_ward_tree_view"/>
    </record>
       <menuitem name="Wards" icon="terp-project" action="action_issued_his_wards" id="wardbed_menu" parent="hospital_mgmt.hospital_mgmt_configuration_menu" sequence="9"/>
   
     <record model="ir.ui.view" id="his_ward_tree_view2">
        <field name="name">Beds</field>
        <field name="model">his.bed</field>
        <field name="type">tree</field>
        <field name="arch" type="xml">
            <tree string="Beds">             
                <field name="name"/>
                <field name="bed_type"/>
                <field name="state"/>
                <field name="bed_no" invisible="1"/>
            </tree>
        </field>
    </record>
        <record model="ir.ui.view" id="his_ward_form_view2">
        <field name="name">Beds</field>
        <field name="model">his.bed</field>
        <field name="type">form</field>
        <field name="arch" type="xml">
            <form string="Beds"> 
                <field name="bed_no" colspan="2" on_change="onchange_bed_no(bed_no)" domain="[('with_bed','=',True)]"/>
                <newline/>
                <field name="ward_categ_id" colspan="2" invisible="1"/>
                <newline/>
                <field name="name" colspan="2"/>
                <newline/>
                <field name="bed_type" colspan="2"/>
                <newline/>
                <field name="bed_desc" colspan="2"/>
                <newline/>
                <field name="state"/>
                <newline/>
                <field name="notes" states='Under Maintainance' colspan="2"/>
                <newline/>
                <separator colspan="6" />
            </form>
        </field>
    </record>
    
    <record model="ir.actions.act_window" id="action_issued_his_wards2">
        <field name="name">Beds</field>
        <field name="type">ir.actions.act_window</field>
        <field name="res_model">his.bed</field>
        <field name="view_mode">tree,form</field>
        <field name="context">{'group_by':'bed_no'}</field>
        <field name="view_id" ref="his_ward_tree_view2"/>
    </record>
       <menuitem name="Beds" icon="terp-project" action="action_issued_his_wards2" id="wardbed_menu2" parent="hospital_mgmt.hospital_mgmt_configuration_menu" sequence="10"/>

</data>
</openerp>

