<?xml version="1.0" ?>
<openerp>
<data>
    
          <record id="his_wards_management_search_view" model="ir.ui.view">
        <field name="name">Ward/Bed Management</field>
        <field name="model">his.bed</field>
        <field name="type">search</field>
        <field name="arch" type="xml">
            <search string="Wards/Beds">
                <filter string="For Cleaning" name="cleaning" icon="None" domain="[('state','=','For Cleaning')]"/>
                <filter string="Vacant" icon="None" domain="[('state','=','Vacant')]"/>
                <separator />
                <filter string="Under Maintenance" icon="None" domain="[('state', '=', 'Under Maintenance')]"/>
                <separator />
               <newline/>
                <field name="bed_no" widget="selection" string="Wards"/>
                <field name="name"/>
            </search>
        </field>
     </record>    
     <record model="ir.ui.view" id="his_wards_tree_view_management">
        <field name="name">Ward/Bed Management</field>
        <field name="model">his.bed</field>
        <field name="priority" eval="30"/>
        <field name="type">tree</field>
        <field name="arch" type="xml">
                    <tree string='Beds'>
                        <field name="bed_no"/>
                        <field name="name"/>
                        <field name="bed_desc"/>
                        <field name="state"/>
                    </tree>
                   
            </field>
    </record>
                
      <record model="ir.ui.view" id="his_wards_form_view_management">
        <field name="name">Ward/Bed Management</field>
        <field name="model">his.bed</field>
        <field name="priority" eval="20"/>
        <field name="type">form</field>
        <field name="arch" type="xml">
             
            <form string="Ward/Bed Management" version="7.0"> 
            <header>
                <button name="wardbed_set_vaccant" string="Set to Vaccant" type="object" states="For Cleaning,Under Maintenance" colspan='2' class="oe_highlight"/>
                <button name="wardbed_for_cleaning" string="For Cleaning" type="object" states="Vacant,Under Maintenance" colspan='2'/>
                <button name="wardbed_set_undermaintenance" string="Under Maintenance" type="object" states="Vacant,For Cleaning" colspan='2'/>
                <field name="state" widget="statusbar" statusbar_visible="Vacant,For Cleaning,Under Maintenance" statusbar_colors='{"Under Maintenance":"red"}'/>
            </header>
            <group colspan="6" col="6"> 
                <field name="name" colspan="4" readonly="1"/>
                <newline/>
                <field name="bed_no" widget="selection" string="Ward" colspan="4" readonly="1"/>
                <newline/>   
                <field name="bed_desc" colspan="4" readonly="1"/>
                <newline/>                                           
                <field name="notes" states="Under Maintenance" colspan="4"/>
                <newline/>
                <separator colspan="6" />
                </group>        
            </form>
            
        </field>
    </record>


    <record model="ir.actions.act_window" id="action_issued_his_wards_management">
        <field name="name">Ward/Bed Management</field>
        <field name="type">ir.actions.act_window</field>
        <field name="res_model">his.bed</field>
        <field name="view_type">form</field>
        <field name="view_mode">tree,form</field>
        <field name="context">{"search_default_cleaning":1}</field>
        <field name="domain">[('state','!=','Occupied')]</field>
        <field name="search_view_id" ref="his_wards_management_search_view"/>
    </record>
     <record model="ir.actions.act_window.view" id="action_issued_his_wards_manage1">
        <field name="view_mode">tree</field>
        <field name="view_id" ref="his_wards_tree_view_management"/>
        <field name="act_window_id" ref="action_issued_his_wards_management"/>
    </record>
     <record model="ir.actions.act_window.view" id="action_issued_his_wards_manage2">
        <field name="view_mode">form</field>
        <field name="view_id" ref="his_wards_form_view_management"/>
        <field name="act_window_id" ref="action_issued_his_wards_management"/>
    </record>
       <menuitem name="Wards/Beds Management" icon="terp-project" id="main_wardbeds_management_menu" parent="hospital_mgmt.hospital_management_menu" sequence="5"/>
       <menuitem name="Wards/Beds Management" icon="terp-project" action="action_issued_his_wards_management" id="wardbeds_management_menu" parent="main_wardbeds_management_menu" sequence="5"/>
   
</data>
</openerp>

