<?xml version="1.0" ?>
<openerp>
<data>
    <record id="room_transfer_search_view" model="ir.ui.view">
        <field name="name">Room Assignment</field>
        <field name="model">his.admission</field>
        <field name="type">search</field>
        <field name="arch" type="xml">
            <search string="Room Assignment">
                <field name="name"/>
                <field name="admission_no"/>
                <field name="department_id" widget="selection"/>
            </search>
        </field>
     </record> 
     
    <record model="ir.ui.view" id="room_transfer_form_view">
        <field name="name">Patient Room Assignment</field>
        <field name="model">his.admission</field>
        <field name="type">form</field>
        <field name="priority" eval="100"/>
        <field name="arch" type="xml">
            <form string="Patient Room Assignment">
                <field name="name" colspan="2" readonly="1" required="1" widget="selection"/>
                <newline />
                <separator colspan="6" string="Rooms"/>
                <newline />
                <field name="room_transfer_id" nolabel="1" colspan="6" widget="one2many_list">
                    <tree editable="top">
                        <field name="ward_no" widget="selection" domain="[('with_bed', '=', True)]"
                               attrs="{'readonly': [('t_out','=',True)]}"
                               on_change="onchange_ward_no(ward_no)"/>
                        <field name="bed_no"
                               attrs="{'readonly': [('t_out','=',True)], 'required': [('t_out','=',False)]}"/>
                        <field name="date_in" attrs="{'readonly': [('locked','=',True)]}"/>
                        <field name="t_in" attrs="{'readonly': [('locked','=',True)]}"/>
                        <field name="date_out" attrs="{'readonly': [('locked','=',True)]}"/>
                        <field name="t_out" attrs="{'readonly': [('locked','=',True)]}"/>
                        <field name="dept_name" widget="selection" attrs="{'readonly': [('locked','=',True)]}"/>
                        <field name="locked" groups="his_admission.room_transfer"/>
                    </tree>
                </field>
            </form>
        </field>
    </record>
    
    <record model="ir.ui.view" id="room_transfer_tree_view">
        <field name="name">Patient Room Assignment</field>
        <field name="model">his.admission</field>
        <field name="type">tree</field>
        <field name="priority" eval="100"/>
        <field name="arch" type="xml">
            <tree string="Patient Room Assignment">
                <field name="admission_no" />
                <field name="name" />
                <field name="date_admitted" />
                <field name="state" />
            </tree>
        </field>
    </record>
    
    <record model="ir.actions.act_window" id="action_room_transfer_view">
        <field name="name">Room Assignment</field>
        <field name="type">ir.actions.act_window</field>
        <field name="res_model">his.admission</field>
        <field name="view_type">form</field>
        <field name="view_mode">tree,form</field>
        <field name="domain">[('state','=','Admitted'), ('status','=','Inpatient'), ('for_transfer','=',False)]</field>
        <field name="search_view_id" ref="room_transfer_search_view"/>
   </record>
   
   <record model="ir.actions.act_window.view" id="action_list_of_patient_view">
        <field name="view_mode">tree</field>
        <field name="view_id" ref="room_transfer_tree_view"/>
        <field name="act_window_id" ref="action_room_transfer_view"/>
   </record>
   
   <record model="ir.actions.act_window.view" id="action_list_of_patient_view1">
        <field name="view_mode">form</field>
        <field name="view_id" ref="room_transfer_form_view"/>
        <field name="act_window_id" ref="action_room_transfer_view"/>
   </record>
        
    <menuitem name="Room Assignment" id="room_assignment_menu" parent="his_patient_mgmt.patient_menu" action="action_room_transfer_view" sequence="5"/>

<!--
    <record id="room_transfer_search_view_out" model="ir.ui.view">
        <field name="name">Room Assignment</field>
        <field name="model">his.admission</field>
        <field name="type">search</field>
        <field name="arch" type="xml">
            <search string="Room Assignment">
                <field name="name"/>
                <field name="admission_no"/>
                <field name="department_id" widget="selection"/>
            </search>
        </field>
     </record> 
     
    <record model="ir.ui.view" id="room_transfer_form_view_out">
        <field name="name">Patient Room Assignment</field>
        <field name="model">his.admission</field>
        <field name="type">form</field>
        <field name="priority" eval="100"/>
        <field name="arch" type="xml">
            <form string="Patient Room Assignment">
                <field name="name" colspan="2" readonly="1" required="1" widget="selection"/>
                <newline />
                <separator colspan="6" string="Rooms"/>
                <newline />
                <field name="room_transfer_id" nolabel="1" widget="one2many_list" colspan="6">
                    <tree editable="top">
                        <field name="ward_no2" widget="selection" domain="[('with_bed', '=', 0)]"/>
                        <field name="date_in"/>
                        <field name="t_in"/>
                        <field name="date_out"/>
                        <field name="t_out"/>
                        <field name="dept_name" widget="selection"/>
                    </tree>
                </field>
            </form>
        </field>
    </record>
    
    <record model="ir.ui.view" id="room_transfer_tree_view_out">
        <field name="name">Patient Room Assignment</field>
        <field name="model">his.admission</field>
        <field name="type">tree</field>
        <field name="priority" eval="100"/>
        <field name="arch" type="xml">
            <tree string="Patient Room Assignment">
                <field name="admission_no" />
                <field name="name" />
                <field name="date_admitted" />
                <field name="state" />
            </tree>
        </field>
    </record>
    
    <record model="ir.actions.act_window" id="action_room_transfer_view_out">
        <field name="name">Room Assignment</field>
        <field name="type">ir.actions.act_window</field>
        <field name="res_model">his.admission</field>
        <field name="view_type">form</field>
        <field name="view_mode">tree,form</field>
        <field name="domain">[('state','=','Admitted'), ('status','=','Not in Ward')]</field>
        <field name="search_view_id" ref="room_transfer_search_view"/>
   </record>
   
   <record model="ir.actions.act_window.view" id="action_list_of_patient_view_out">
        <field name="view_mode">tree</field>
        <field name="view_id" ref="room_transfer_tree_view_out"/>
        <field name="act_window_id" ref="action_room_transfer_view_out"/>
   </record>
   
   <record model="ir.actions.act_window.view" id="action_list_of_patient_view1_out">
        <field name="view_mode">form</field>
        <field name="view_id" ref="room_transfer_form_view_out"/>
        <field name="act_window_id" ref="action_room_transfer_view_out"/>
   </record>
        
    <menuitem name="Room Assignment - Not in Ward" id="room_assignment_menu_out" parent="his_patient_mgmt.patient_menu" action="action_room_transfer_view_out" sequence="6"/>-->

</data>
</openerp>

