<?xml version="1.0" ?>
<openerp>
<data>
        
    <record id="patient_admission_search_view" model="ir.ui.view">
        <field name="name">Patient Admission</field>
        <field name="model">his.admission</field>
        <field name="type">search</field>
        <field name="arch" type="xml">
            <search string="Patient Admission">
                <filter string="Draft" name="draft" icon="None" domain="[('state','=','Draft')]"/>
                <filter string="Admitted" icon="None" domain="[('state','=','Admitted')]" groups="his_admission.ward"/>
                <filter string="Discharged" icon="None" domain="[('state','=','Discharged')]" groups="his_admission.ward"/>
                <filter string="Outpatient" icon="None" domain="[('state','=','Outpatient')]" groups="his_admission.opd"/>
                <separator />
                <filter string="Charity" icon="None" domain="[('charity', '=', 1)]" groups="his_admission.charity"/>
                <separator />
                <filter string="For Admission Transfer" icon="None" domain="[('for_transfer', '=', 'For Admission Transfer')]"/>
                <separator />
                <filter string="Backlogs" icon="None" domain="[('backlogs', '=', 1)]" groups="his_admission.security"/>
                <newline/>
                <field name="name"/>
                <field name="admission_no"/>
            </search>
        </field>
     </record> 
      
     <record model="ir.ui.view" id="patient_admission_form_view">
        <field name="name">Patient Admission</field>
        <field name="model">his.admission</field>
        <field name="type">form</field>
        <field name="priority" eval="50"/>
        <field name="arch" type="xml">
            <form string="Patient Admission" version="7.0">
                <header>
                    <button name="patient_admitted" string="Admit to DEMS/OB-AS" type="object" class="oe_highlight"
                            attrs="{'invisible': ['|','|',('department_group','=','OPD'), ('department_group','=','DPPS'), ('state','!=','Draft')], 
                                    'readonly': [('for_transfer','=','For Admission Transfer')]}"/>
                    <button name="patient_outpatient" string="Outpatient" type="object" class="oe_highlight"
                            attrs="{'invisible': ['|',('department_group','!=','OPD'), ('state','!=','Draft')], 
                                    'readonly': [('for_transfer','=','For Admission Transfer')]}"/>
                    <button name="patient_admitted_ward" string="Admit to Ward" type="object" class="oe_highlight"
                            attrs="{'invisible': ['|','|','|','|',('state','=','New'),('state','=','Discharged'),('state','=','Cancelled'),('department_group','=','OPD'),('status','=','Inpatient')], 
                                    'readonly': [('for_transfer','=','For Admission Transfer')]}"/>
                    <button name="patient_cancel" string="Cancel" type="object"  states="Draft"/>
                    <button name="admission_transfer" string="Request for Admission Transfer" type="object"
                            attrs="{'invisible': ['|','|', ('state','!=','Admitted'),('for_transfer','=','For Admission Transfer'),('for_transfer','=','Unlocked')]}"/>
                    <button name="accept_transfer" string="Accept Admission Transfer" type="object" class="oe_highlight"
                            attrs="{'invisible': ['|','|', ('state','!=','Admitted'),('for_transfer','=',False),('for_transfer','=','Unlocked')]}"/>
                    <button name="cancel_transfer" string="Cancel Admission Transfer" type="object"
                            attrs="{'invisible': ['|','|', ('state','!=','Admitted'),('for_transfer','=',False),('for_transfer','=','Unlocked')]}"/>
                    <field name="state" widget="statusbar" statusbar_visible="Draft,Admitted,Discharged" statusbar_colors='{"Cancelled":"red", "For Transfer":"green"}'/>
                    <field name="status" widget="statusbar" states="Admitted" invisible="1"
                           attrs="{'invisible': ['|',('for_transfer','=','For Admission Transfer'),('for_transfer','=','Unlocked')]}"/>
                    <field name="for_transfer" widget="statusbar" statusbar_visible="False" statusbar_colors='{"For Admission Transfer":"green"}' invisible="1"/>
                </header>
                <group colspan="8" col="8">
                    <field name="admission_no"/>
                    <field name="name" colspan="4"
                           on_change="onchange_patient_name(name)"
                           string="Patient Name"
                           attrs="{'readonly': ['|','|','|',('for_transfer','=','For Admission Transfer'),('state','=','Admitted'), ('state','=','Discharged'), ('state','=','Cancelled')]}"
                           context="{'form_view_ref' : 'his_patient_mgmt.list_of_patient_form_view', 'tree_view_ref' : 'his_patient_mgmt.list_of_patient_tree_view'}"/>
                    <field name="charity"/> 
                    <field name="date_admitted" attrs="{'readonly': ['|',('state','=','Draft'),('unlocked','=',False)], 'required': ['|','|',('state','=','Discharged'),('state','=','Outpatient'),('state','=','Admitted'),('unlocked','=',True)]}" on_change="onchange_date(date_admitted, date_discharged, state)"/>
                    <field name="date_discharged" attrs="{'readonly': ['|','|', '|',('state','=','Draft'),('unlocked','=',False), ('state','=','Outpatient'), ('state','=','Admitted')], 'required': ['|',('state','=','Outpatient'),('state','=','Discharged'),('unlocked','=',True)]}" on_change="onchange_date(date_admitted, date_discharged, state)"/>
                    <field name="brought_in_by" attrs="{'readonly': ['|','|',('for_transfer','=','For Admission Transfer'), ('state','=','Discharged'), ('state','=','Cancelled')]}"/>
                    <field name="clinic_id" attrs="{'readonly': ['|','|',('for_transfer','=','For Admission Transfer'), ('state','=','Discharged'), ('state','=','Cancelled')]}"/> 
                </group>
                <group colspan="8" col="8">
                    <button name="locked_date" string="Lock Date of Admission/Discharged" type="object"
                            attrs="{'invisible': [('unlocked','=',False)]}" colspan='2'
                            groups="his_admission.security"/>
                    <button name="unlocked_date" string="Unlock Date of Admission/Discharged" type="object"
                            attrs="{'invisible': [('unlocked','=',True)]}" colspan='2'
                            groups="his_admission.security"/>
                    <field name="backlogs" invisible="1"/> 
                    <field name="unlocked" invisible="1"/> 
                </group>
                <separator colspan="6"/>
                <notebook colspan="6">
                    <page string="Finance Info">
                        <group colspan="6" col="6">
                            <newline />
                            <separator colspan="6" string="In Case of Emergency, Notify"/>
                            <newline />
                            <field name="emergency"
                                   on_change="onchange_emergency(emergency,name)"
                                   context="{'form_view_ref' : 'view_ref_custom.res_partner_form_view_ref_custom', 'tree_view_ref' : 'view_ref_custom.res_partner_tree_view_ref_custom'}"
                                   attrs="{'readonly': ['|','|',('for_transfer','=','For Admission Transfer'), ('state','=','Discharged'), ('state','=','Cancelled')]}"/>
                            <field name="emergency_relation"
                                    attrs="{'readonly': ['|','|',('for_transfer','=','For Admission Transfer'), ('state','=','Discharged'), ('state','=','Cancelled')]}"/>
                            <field name="emergency_phone"
                                    attrs="{'readonly': ['|','|',('for_transfer','=','For Admission Transfer'), ('state','=','Discharged'), ('state','=','Cancelled')]}"/>
                            <newline />
                            <field name="emergency_address" colspan="6"/>
                            <newline />
                            <separator colspan="6" string="Responsible for Account"/>
                            <newline />
                            <field name="account" 
                                   on_change="onchange_account(account,name)"
                                   attrs="{'readonly': ['|','|',('for_transfer','=','For Admission Transfer'), ('state','=','Discharged'), ('state','=','Cancelled')]}"
                                   context="{'form_view_ref' : 'view_ref_custom.res_partner_form_view_ref_custom', 'tree_view_ref' : 'view_ref_custom.res_partner_tree_view_ref_custom'}"/>
                            <field name="account_relation"
                                    attrs="{'readonly': ['|','|',('for_transfer','=','For Admission Transfer'), ('state','=','Discharged'), ('state','=','Cancelled')]}"/>
                            <field name="account_phone"
                                    attrs="{'readonly': ['|','|',('for_transfer','=','For Admission Transfer'), ('state','=','Discharged'), ('state','=','Cancelled')]}"/>
                            <newline />
                            <field name="account_address" colspan="6"/>
                            <newline />
                            <separator colspan="6"  string="Data Furnished By"/>
                            <newline />
                            <field name="furnished" 
                                   on_change="onchange_furnished(furnished,name)"
                                   attrs="{'readonly': ['|','|',('for_transfer','=','For Admission Transfer'), ('state','=','Discharged'), ('state','=','Cancelled')]}"
                                   context="{'form_view_ref' : 'view_ref_custom.res_partner_form_view_ref_custom', 'tree_view_ref' : 'view_ref_custom.res_partner_tree_view_ref_custom'}"/>
                            <field name="furnished_relation"
                                    attrs="{'readonly': ['|','|',('for_transfer','=','For Admission Transfer'), ('state','=','Discharged'), ('state','=','Cancelled')]}"/>
                            <field name="furnished_phone"
                                    attrs="{'readonly': ['|','|',('for_transfer','=','For Admission Transfer'), ('state','=','Discharged'), ('state','=','Cancelled')]}"/>
                            <newline />
                            <field name="furnished_address" colspan="6"/>
                        </group>
                    </page>
                    <page string="Room Assignment">
                        <group colspan="6">
                            <field name="room_transfer_id" nolabel="1" widget="one2many_list" readonly="1">
                                <tree editable="top">
                                    <field name="ward_no"/>
                                    <field name="bed_no"/>
                                    <field name="date_in"/>
                                    <field name="date_out"/>
                                </tree>
                            </field>
                        </group>
                    </page>
                    <page string="Other Info">
                        <group colspan="6" col="6">
                            <field name="physician_id" colspan="2"
                                    attrs="{'readonly': ['|','|',('for_transfer','=','For Admission Transfer'), ('state','=','Discharged'), ('state','=','Cancelled')]}"/>
                            <newline />
                            <field name="class_type" readonly="1"/>
                            <field name="disc_type" 
                                    attrs="{'readonly': ['|','|','|',('charity','=',True), ('for_transfer','=','For Admission Transfer'), ('state','=','Discharged'), ('state','=','Cancelled')]}"/>
                            <field name="hosp_plan"
                                    attrs="{'readonly': ['|','|', ('for_transfer','=','For Admission Transfer'), ('state','=','Discharged'), ('state','=','Cancelled')]}"/>
                        </group>
                    </page>
                    <page string="Discharge">
                        <group colspan="4" col="4">
                            <field name="admission_impression"
                                attrs="{'readonly': ['|','|', ('for_transfer','=','For Admission Transfer'), ('state','=','Discharged'), ('state','=','Cancelled')]}"/><newline />
                            <field name="operation"
                                attrs="{'readonly': ['|','|', ('for_transfer','=','For Admission Transfer'), ('state','=','Discharged'), ('state','=','Cancelled')]}"/><newline />
                            <field name="final_diag"
                                attrs="{'readonly': ['|','|', ('for_transfer','=','For Admission Transfer'), ('state','=','Discharged'), ('state','=','Cancelled')]}"/><newline />
                            <field name="final_diag_icd" colspan="2"
                                attrs="{'readonly': ['|','|', ('for_transfer','=','For Admission Transfer'), ('state','=','Discharged'), ('state','=','Cancelled')]}"/>
                        </group>
                        <separator colspan="6"/>
                        <group colspan="6" col="6">
                            <field name="results"
                                attrs="{'readonly': ['|','|', ('for_transfer','=','For Admission Transfer'), ('state','=','Discharged'), ('state','=','Cancelled')]}"/>
                            <field name="disposition"
                                attrs="{'readonly': ['|','|', ('for_transfer','=','For Admission Transfer'), ('state','=','Discharged'), ('state','=','Cancelled')]}"/>
                            <field name="autopsy"
                                attrs="{'readonly': ['|','|', ('for_transfer','=','For Admission Transfer'), ('state','=','Discharged'), ('state','=','Cancelled')]}"/>
                        </group>
                        <separator colspan="6"/>
                        <button name="patient_discharge" string="Discharge" type="object" states="Admitted"
                                attrs="{'readonly': [('for_transfer','=','For Admission Transfer')]}"/>
                    </page>
                </notebook>
                <group colspan="6" col="8">
                    <field name="department_group" invisible="1"/>
                    <separator colspan="6"/>
                </group>
                <group colspan="6" col="8">
                    <field name="data_taken_by" widget="selection"/>
                    <field name="designation" widget="selection"/>
                    <field name="department_id" widget="selection"/>
                    <newline />
                    <separator colspan="6"/>
                </group>
            </form>
        </field>
    </record>
    
    <record model="ir.ui.view" id="hr_employee_custom_form_view">
        <field name="name">hr.employee</field>
        <field name="model">hr.employee</field>
        <field name="inherit_id" ref="hr.view_employee_form" />
        <field name="type">form</field>
        <field name="arch" type="xml">
            <field name="parent_id" position="after">
                    <field name="doctor"/>
            </field>
        </field>
    </record>
    
    <record model="ir.ui.view" id="product_pricelist_custom_form_view">
        <field name="name">product.pricelist</field>
        <field name="model">product.pricelist</field>
        <field name="inherit_id" ref="product.product_pricelist_view" />
        <field name="type">form</field>
        <field name="arch" type="xml">
            <field name="currency_id" position="after">
                    <field name="pricelist_group"/>
            </field>
        </field>
    </record>
    
    <record model="ir.ui.view" id="patient_admission_tree_view">
        <field name="name">Patient Admission</field>
        <field name="model">his.admission</field>
        <field name="type">tree</field>
        <field name="arch" type="xml">
            <tree string="Patient Admission" colors=" green : for_transfer == 'For Admission Transfer' ;">
                <field name="admission_no"/>
                <field name="name"/>
                <field name="charity"/>
                <field name="class_type"/>
                <field name="date_admitted"/>
                <field name="date_discharged"/>
                <field name="state"/>
                <field name="for_transfer" invisible="1"/>
            </tree>
        </field>
    </record>
    
    <record model="ir.actions.act_window" id="action_patient_admission_view">
        <field name="name">Patient Admission</field>
        <field name="type">ir.actions.act_window</field>
        <field name="res_model">his.admission</field>
        <field name="view_type">form</field>
        <field name="view_mode">tree,form</field>
        <!--<field name="context">{"search_default_draft":1}</field>
        <field name="domain">['|',('department_id','=',context.get('department_id',False)), ('for_transfer','=','For Admission Transfer')]</field>-->
        <field name="search_view_id" ref="patient_admission_search_view"/>
        <field name="view_id" ref="patient_admission_tree_view"/>
    </record>
        
    
    <menuitem name="Admission" icon="terp-project" id="patient_admission_menu" parent="his_patient_mgmt.patient_menu" action="action_patient_admission_view" sequence="3"/>
    
</data>
</openerp>

