<?xml version="1.0" ?>
<openerp>
<data>
	
	<record model="ir.ui.view" id="product_critical_level_form_view">
		<field name="name">Critical Level</field>
		<field name="model">product.critical_level</field>
		<field name="type">form</field>
		<field name="arch" type="xml">
			<field name="product_name" on_change = "onchange_shop(product_name, shop_name)"/>
			<field name="shop_name" on_change = "onchange_shop(product_name, shop_name)"/>
			<field name="qty_available"/>
			<field name="critical_level" />
		</field>
	</record>
	
	<record model="ir.ui.view" id="product_critical_level_tree_view">
		<field name="name">Critical Level</field>
		<field name="model">product.critical_level</field>
		<field name="type">tree</field>
		<field name="arch" type="xml">
			<tree colors=" blue : qty_available == critical_level ; red : critical_level > qty_available ;">
				<field name="product_name" />
				<field name="shop_name" />
				<field name="qty_available" />
				<field name="critical_level" />
				<field name="state" />
			</tree>
		</field>
	</record>
	
	<record model="ir.ui.view" id="product_critical_level_search_view">
		<field name="name">Critical Level</field>
		<field name="model">product.critical_level</field>
		<field name="type">search</field>
		<field name="arch" type="xml">
			<search string="Critical Level">
				<field name="product_name"/>
				<field name="shop_name" widget="selection"/>
			</search>
		</field>
	</record>
	
	<record model="ir.actions.act_window" id="action_product_critical_level">
		<field name="name">Critical Level</field>
		<field name="type">ir.actions.act_window</field>
		<field name="res_model">product.critical_level</field>
		<field name="view_type">form</field>
		<field name="search_view_id" ref="product_critical_level_search_view"/>
		<field name="view_id" ref="product_critical_level_tree_view"/>
	</record>
        
	<menuitem name="Critical Level" icon="terp-project" id="product_critical_level_menu" parent="product_custom_menu" action="action_product_critical_level" sequence="20"/>
</data>
</openerp>

