<?xml version="1.0" ?>
<openerp>
<data>
    <menuitem name="Products" icon="terp-project" id="product_custom_menu" parent="hospital_mgmt.hospital_management_menu" sequence="10"/>
    
    
    <record model="ir.ui.view" id="product_normal_form_view1">
        <field name="name">Product Custom</field>
        <field name="model">product.product</field>
        <field name="inherit_id" ref="product.product_normal_form_view" />
        <field name="type">form</field>
        <field name="arch" type="xml">
            <field name="sale_ok" position="before">
                <field name="medicine_code" groups="product.group_phar_prod_mgr" placeholder="Medicine Code"/>
                <field name="dosage" groups="product.group_phar_prod_mgr" placeholder="Dosage"/>
                <field name="brand" placeholder="Brand"/>
            </field>
        </field>
    </record>
    
        <record model="ir.ui.view" id="product_category_code_form">
        <field name="name">Product Category Code</field>
        <field name="model">product.category</field>
        <field name="inherit_id" ref="product.product_category_form_view" />
        <field name="type">form</field>
        <field name="arch" type="xml">
            <field name="type" position="after">
                <field name="code"/>
            </field>
        </field>
    </record>

        <record model="ir.ui.view" id="product_category_code_tree_custom">
        <field name="name">product_category_code_tree_custom</field>
        <field name="model">product.category</field>
        <field name="inherit_id" ref="product.product_category_list_view" />
        <field name="type">tree</field>
        <field name="arch" type="xml">
            <field name="complete_name" position="after">
                <field name="code"/>
            </field>
        </field>
    </record>

    <record model="ir.ui.view" id="product_category_search_custom">
        <field name="name">product_category_search_custom</field>
        <field name="model">product.category</field>
        <field name="inherit_id" ref="product.product_category_search_view" />
        <field name="type">search</field>
        <field name="arch" type="xml">
            <field name="name" position="after">
                <field name="code"/>
            </field>
        </field>
    </record>
    
    <record model="ir.ui.view" id="product_dosage_view">
        <field name="name">Products Dosage</field>
        <field name="model">product.dosage</field>
        <field name="type">form</field>
                <field name="arch" type="xml">
                    <field name="name"/>
            <field name="code"/>
                </field>
    </record>
        <record model="ir.ui.view" id="product_dosage_tree_view">
        <field name="name">Products Dosage</field>
        <field name="model">product.dosage</field>
        <field name="type">tree</field>
                <field name="arch" type="xml">
                    <field name="name"/>
            <field name="code"/>
                </field>
    </record>
        
        <record id="product_dosage_search_view" model="ir.ui.view">
        <field name="name">Product Dosage</field>
        <field name="model">product.dosage</field>
        <field name="type">search</field>
        <field name="arch" type="xml">
          <search string="Dosage">
              <field name="name"/>
              <field name="code"/>
          </search>
        </field>
      </record>

        <record model="ir.ui.view" id="product_brand_view">
        <field name="name">Product Brands</field>
        <field name="model">product.brand</field>
        <field name="type">form</field>
                <field name="arch" type="xml">
                    <field name="name"/>
            <field name="code"/>
                </field>
    </record>
        <record model="ir.ui.view" id="product_brand_tree_view">
        <field name="name">Product Brands</field>
        <field name="model">product.brand</field>
        <field name="type">tree</field>
                <field name="arch" type="xml">
                    <field name="name"/>
            <field name="code"/>
                </field>
    </record>
        <record model="ir.ui.view" id="product_brand_search_view">
        <field name="name">Product Brands</field>
        <field name="model">product.brand</field>
        <field name="type">search</field>
                <field name="arch" type="xml">
                    <search string="Brand">
                        <field name="name"/>
                        <field name="code"/>
                    </search>
                </field>
    </record>

    <record model="ir.ui.view" id="product_search_tree">
        <field name="name">product_search_tree</field>
        <field name="model">product.product</field>
        <field name="inherit_id" ref="product.product_product_tree_view" />
        <field name="type">tree</field>
        <field name="arch" type="xml">
            <field name="default_code" position="after">
                <field name="medicine_code" groups="product.group_phar_prod_mgr"/>
            </field>                
            <field name="name" position="before">
                <field name="brand"/>
            </field>
            <field name="name" position="after">
                <field name="dosage" groups="product.group_phar_prod_mgr"/>
            </field>
            <field name="lst_price" position="replace"/>
            <field name="standard_price" position="after">
                <field name="lst_price" string="Selling Price"/>
            </field>
        </field>
    </record>

        <record model="ir.ui.view" id="product_search_form_custom">
        <field name="name">product_search_form_custom</field>
        <field name="model">product.product</field>
        <field name="inherit_id" ref="product.product_search_form_view" />
        <field name="type">search</field>
        <field name="arch" type="xml">
            <field name="name" position="before">
                <newline />
                <field name="medicine_code" groups="product.group_phar_prod_mgr"/>
            </field>
            <field name="categ_id" position="after">
                <field name="brand" widget="selection" groups="base.group_extended"/>
            </field>
        </field>
    </record>

        <record model="ir.actions.act_window" id="action_product_brand_form">
            <field name="name">Brands</field>
            <field name="type">ir.actions.act_window</field>
            <field name="res_model">product.brand</field>
            <field name="view_type">form</field>
            <field name="search_view_id" ref="product_brand_search_view"/>
            <field name="view_id" ref="product_brand_tree_view"/>
        </record>
        <record model="ir.actions.act_window" id="action_product_dosage_form">
            <field name="name">Dosage</field>
            <field name="type">ir.actions.act_window</field>
            <field name="res_model">product.dosage</field>
            <field name="view_type">form</field>
            <field name="search_view_id" ref="product_dosage_search_view"/>
            <field name="view_id" ref="product_dosage_tree_view"/>
        </record>
        <record model="ir.actions.act_window" id="action_product_category_form">
            <field name="name">Category</field>
            <field name="type">ir.actions.act_window</field>
            <field name="res_model">product.category</field>
            <field name="view_type">form</field>
            <field name="search_view_id" ref="product_category_search_custom"/>
            <field name="view_id" ref="product_category_code_tree_custom"/>
        </record>
        <record model="ir.actions.act_window" id="action_product_custom_form">
            <field name="name">Products</field>
            <field name="type">ir.actions.act_window</field>
            <field name="res_model">product.product</field>
            <field name="view_type">form</field>
            <field name="search_view_id" ref="product_search_form_custom"/>
            <field name="view_id" ref="product_search_tree"/>
        </record>
        
        <menuitem name="Products" icon="terp-project" id="product_custom_product_menu" parent="product_custom_menu" action="action_product_custom_form" sequence="9"/>
        <menuitem name="Brands" icon="terp-project" id="product_custom_brand_menu" parent="product_custom_menu" action="action_product_brand_form" sequence="10"/>
        <menuitem name="Dosage" icon="terp-project" id="product_custom_dosage_menu" parent="product_custom_menu" action="action_product_dosage_form" sequence="11"/>
        <menuitem name="Category" icon="terp-project" id="product_custom_category_menu" parent="product_custom_menu" action="action_product_category_form" sequence="12"/>
</data>
</openerp>

